event_name,namespace_code,owning_context,governing_object_type,event_purpose,compatibility_mode,replay_semantics,schema_version_ref,defect_state,active_producer_context_refs,active_producer_service_refs,legacy_alias_refs,route_family_refs
request.created,request,intake_safety,Request,lifecycle,additive_only,append_only,CESV_REQUEST_CREATED_V1,declared,intake_safety; triage_workspace; booking; hub_coordination; pharmacy; support; platform_runtime,service_command_api,,rf_patient_requests; rf_staff_workspace; rf_support_ticket_workspace; rf_hub_case_management; rf_pharmacy_console
request.updated,request,intake_safety,Request,lifecycle,additive_only,idempotent_replace,CESV_REQUEST_UPDATED_V1,declared,intake_safety; triage_workspace; booking; hub_coordination; pharmacy; support; platform_runtime,service_command_api,,rf_patient_requests; rf_staff_workspace; rf_support_ticket_workspace; rf_hub_case_management; rf_pharmacy_console
request.submitted,request,intake_safety,Request,lifecycle,additive_only,append_only,CESV_REQUEST_SUBMITTED_V1,declared,intake_safety; triage_workspace; booking; hub_coordination; pharmacy; support; platform_runtime,service_command_api,,rf_patient_requests; rf_staff_workspace; rf_support_ticket_workspace; rf_hub_case_management; rf_pharmacy_console
request.evidence.capture.frozen,request,intake_safety,EvidenceCaptureBundle,evidence,additive_only,append_only,CESV_REQUEST_EVIDENCE_CAPTURE_FROZEN_V1,declared,intake_safety; triage_workspace; booking; hub_coordination; pharmacy; support; platform_runtime,service_command_api,object_store.capture.frozen,rf_patient_requests; rf_staff_workspace; rf_support_ticket_workspace; rf_hub_case_management; rf_pharmacy_console
request.snapshot.created,request,intake_safety,EvidenceSnapshot,evidence,additive_only,append_only,CESV_REQUEST_SNAPSHOT_CREATED_V1,declared,intake_safety; triage_workspace; booking; hub_coordination; pharmacy; support; platform_runtime,service_command_api,,rf_patient_requests; rf_staff_workspace; rf_support_ticket_workspace; rf_hub_case_management; rf_pharmacy_console
request.snapshot.superseded,request,intake_safety,EvidenceSnapshot,evidence,additive_only,superseding,CESV_REQUEST_SNAPSHOT_SUPERSEDED_V1,declared,intake_safety; triage_workspace; booking; hub_coordination; pharmacy; support; platform_runtime,service_command_api,,rf_patient_requests; rf_staff_workspace; rf_support_ticket_workspace; rf_hub_case_management; rf_pharmacy_console
request.evidence.parity.verified,request,intake_safety,EvidenceSummaryParityRecord,evidence,additive_only,append_only,CESV_REQUEST_EVIDENCE_PARITY_VERIFIED_V1,declared,intake_safety; triage_workspace; booking; hub_coordination; pharmacy; support; platform_runtime,service_command_api,,rf_patient_requests; rf_staff_workspace; rf_support_ticket_workspace; rf_hub_case_management; rf_pharmacy_console
request.representation.emitted,request,intake_safety,FhirRepresentationSet,lifecycle,additive_only,append_only,CESV_REQUEST_REPRESENTATION_EMITTED_V1,declared,intake_safety; triage_workspace; booking; hub_coordination; pharmacy; support; platform_runtime,service_command_api,,rf_patient_requests; rf_staff_workspace; rf_support_ticket_workspace; rf_hub_case_management; rf_pharmacy_console
request.representation.superseded,request,intake_safety,FhirRepresentationSet,lifecycle,additive_only,superseding,CESV_REQUEST_REPRESENTATION_SUPERSEDED_V1,declared,intake_safety; triage_workspace; booking; hub_coordination; pharmacy; support; platform_runtime,service_command_api,,rf_patient_requests; rf_staff_workspace; rf_support_ticket_workspace; rf_hub_case_management; rf_pharmacy_console
request.workflow.changed,request,intake_safety,Request,lifecycle,additive_only,append_only,CESV_REQUEST_WORKFLOW_CHANGED_V1,declared,intake_safety; triage_workspace; booking; hub_coordination; pharmacy; support; platform_runtime,service_command_api,,rf_patient_requests; rf_staff_workspace; rf_support_ticket_workspace; rf_hub_case_management; rf_pharmacy_console
request.safety.changed,request,intake_safety,SafetyDecisionRecord,lifecycle,additive_only,append_only,CESV_REQUEST_SAFETY_CHANGED_V1,declared,intake_safety; triage_workspace; booking; hub_coordination; pharmacy; support; platform_runtime,service_command_api,,rf_patient_requests; rf_staff_workspace; rf_support_ticket_workspace; rf_hub_case_management; rf_pharmacy_console
request.identity.changed,request,intake_safety,IdentityBinding,lifecycle,additive_only,append_only,CESV_REQUEST_IDENTITY_CHANGED_V1,declared,intake_safety; triage_workspace; booking; hub_coordination; pharmacy; support; platform_runtime,service_command_api,,rf_patient_requests; rf_staff_workspace; rf_support_ticket_workspace; rf_hub_case_management; rf_pharmacy_console
request.closure_blockers.changed,request,intake_safety,RequestClosureRecord,lifecycle,additive_only,append_only,CESV_REQUEST_CLOSURE_BLOCKERS_CHANGED_V1,declared,intake_safety; triage_workspace; booking; hub_coordination; pharmacy; support; platform_runtime,service_command_api,,rf_patient_requests; rf_staff_workspace; rf_support_ticket_workspace; rf_hub_case_management; rf_pharmacy_console
request.close.evaluated,request,intake_safety,RequestClosureRecord,lifecycle,additive_only,append_only,CESV_REQUEST_CLOSE_EVALUATED_V1,declared,intake_safety; triage_workspace; booking; hub_coordination; pharmacy; support; platform_runtime,service_command_api,,rf_patient_requests; rf_staff_workspace; rf_support_ticket_workspace; rf_hub_case_management; rf_pharmacy_console
request.closed,request,intake_safety,RequestClosureRecord,lifecycle,additive_only,append_only,CESV_REQUEST_CLOSED_V1,declared,intake_safety; triage_workspace; booking; hub_coordination; pharmacy; support; platform_runtime,service_command_api,,rf_patient_requests; rf_staff_workspace; rf_support_ticket_workspace; rf_hub_case_management; rf_pharmacy_console
request.reopened,request,intake_safety,RequestClosureRecord,recovery,additive_only,append_only,CESV_REQUEST_REOPENED_V1,declared,intake_safety; triage_workspace; booking; hub_coordination; pharmacy; support; platform_runtime,service_command_api,,rf_patient_requests; rf_staff_workspace; rf_support_ticket_workspace; rf_hub_case_management; rf_pharmacy_console
request.duplicate.pair_scored,request,intake_safety,DuplicatePairEvidence,lifecycle,additive_only,append_only,CESV_REQUEST_DUPLICATE_PAIR_SCORED_V1,declared,intake_safety; triage_workspace; booking; hub_coordination; pharmacy; support; platform_runtime,service_command_api,,rf_patient_requests; rf_staff_workspace; rf_support_ticket_workspace; rf_hub_case_management; rf_pharmacy_console
request.duplicate.clustered,request,intake_safety,DuplicateResolutionDecision,lifecycle,additive_only,append_only,CESV_REQUEST_DUPLICATE_CLUSTERED_V1,declared,intake_safety; triage_workspace; booking; hub_coordination; pharmacy; support; platform_runtime,service_command_api,,rf_patient_requests; rf_staff_workspace; rf_support_ticket_workspace; rf_hub_case_management; rf_pharmacy_console
request.duplicate.review_required,request,intake_safety,DuplicateResolutionDecision,blocker,additive_only,append_only,CESV_REQUEST_DUPLICATE_REVIEW_REQUIRED_V1,declared,intake_safety; triage_workspace; booking; hub_coordination; pharmacy; support; platform_runtime,service_command_api,,rf_patient_requests; rf_staff_workspace; rf_support_ticket_workspace; rf_hub_case_management; rf_pharmacy_console
request.duplicate.attach_applied,request,intake_safety,DuplicateResolutionDecision,lifecycle,additive_only,append_only,CESV_REQUEST_DUPLICATE_ATTACH_APPLIED_V1,declared,intake_safety; triage_workspace; booking; hub_coordination; pharmacy; support; platform_runtime,service_command_api,,rf_patient_requests; rf_staff_workspace; rf_support_ticket_workspace; rf_hub_case_management; rf_pharmacy_console
request.duplicate.retry_collapsed,request,intake_safety,DuplicateResolutionDecision,lifecycle,additive_only,append_only,CESV_REQUEST_DUPLICATE_RETRY_COLLAPSED_V1,declared,intake_safety; triage_workspace; booking; hub_coordination; pharmacy; support; platform_runtime,service_command_api,,rf_patient_requests; rf_staff_workspace; rf_support_ticket_workspace; rf_hub_case_management; rf_pharmacy_console
request.duplicate.resolved,request,intake_safety,DuplicateResolutionDecision,settlement,new_version_required,append_only,CESV_REQUEST_DUPLICATE_RESOLVED_V1,declared,intake_safety; triage_workspace; booking; hub_coordination; pharmacy; support; platform_runtime,service_command_api,,rf_patient_requests; rf_staff_workspace; rf_support_ticket_workspace; rf_hub_case_management; rf_pharmacy_console
request.duplicate.separated,request,intake_safety,DuplicateResolutionDecision,lifecycle,additive_only,append_only,CESV_REQUEST_DUPLICATE_SEPARATED_V1,declared,intake_safety; triage_workspace; booking; hub_coordination; pharmacy; support; platform_runtime,service_command_api,,rf_patient_requests; rf_staff_workspace; rf_support_ticket_workspace; rf_hub_case_management; rf_pharmacy_console
request.lease.acquired,request,intake_safety,RequestLifecycleLease,lifecycle,additive_only,append_only,CESV_REQUEST_LEASE_ACQUIRED_V1,declared,intake_safety; triage_workspace; booking; hub_coordination; pharmacy; support; platform_runtime,service_command_api,,rf_patient_requests; rf_staff_workspace; rf_support_ticket_workspace; rf_hub_case_management; rf_pharmacy_console
request.lease.released,request,intake_safety,RequestLifecycleLease,lifecycle,additive_only,superseding,CESV_REQUEST_LEASE_RELEASED_V1,declared,intake_safety; triage_workspace; booking; hub_coordination; pharmacy; support; platform_runtime,service_command_api,,rf_patient_requests; rf_staff_workspace; rf_support_ticket_workspace; rf_hub_case_management; rf_pharmacy_console
request.lease.broken,request,intake_safety,RequestLifecycleLease,lifecycle,additive_only,append_only,CESV_REQUEST_LEASE_BROKEN_V1,declared,intake_safety; triage_workspace; booking; hub_coordination; pharmacy; support; platform_runtime,service_command_api,,rf_patient_requests; rf_staff_workspace; rf_support_ticket_workspace; rf_hub_case_management; rf_pharmacy_console
request.lease.takeover_committed,request,intake_safety,RequestLifecycleLease,lifecycle,additive_only,superseding,CESV_REQUEST_LEASE_TAKEOVER_COMMITTED_V1,declared,intake_safety; triage_workspace; booking; hub_coordination; pharmacy; support; platform_runtime,service_command_api,,rf_patient_requests; rf_staff_workspace; rf_support_ticket_workspace; rf_hub_case_management; rf_pharmacy_console
intake.draft.created,intake,intake_safety,SubmissionEnvelope,lifecycle,additive_only,append_only,CESV_INTAKE_DRAFT_CREATED_V1,declared,intake_safety; communications; support,service_command_api,ingest.draft.created,rf_intake_self_service; rf_intake_telephony_capture; rf_support_ticket_workspace
intake.draft.updated,intake,intake_safety,SubmissionEnvelope,lifecycle,additive_only,idempotent_replace,CESV_INTAKE_DRAFT_UPDATED_V1,declared,intake_safety; communications; support,service_command_api,ingest.draft.updated,rf_intake_self_service; rf_intake_telephony_capture; rf_support_ticket_workspace
intake.ingress.recorded,intake,intake_safety,SubmissionIngressRecord,lifecycle,additive_only,append_only,CESV_INTAKE_INGRESS_RECORDED_V1,declared,intake_safety; communications; support,service_command_api,ingest.ingress.recorded,rf_intake_self_service; rf_intake_telephony_capture; rf_support_ticket_workspace
intake.ingress.superseded,intake,intake_safety,SubmissionIngressRecord,lifecycle,additive_only,superseding,CESV_INTAKE_INGRESS_SUPERSEDED_V1,declared,intake_safety; communications; support,service_command_api,ingest.ingress.superseded,rf_intake_self_service; rf_intake_telephony_capture; rf_support_ticket_workspace
intake.attachment.added,intake,intake_safety,SubmissionEnvelope,lifecycle,additive_only,append_only,CESV_INTAKE_ATTACHMENT_ADDED_V1,declared,intake_safety; communications; support,service_command_api,ingest.attachment.added,rf_intake_self_service; rf_intake_telephony_capture; rf_support_ticket_workspace
intake.attachment.quarantined,intake,intake_safety,SubmissionEnvelope,blocker,additive_only,append_only,CESV_INTAKE_ATTACHMENT_QUARANTINED_V1,declared,intake_safety; communications; support,service_command_api,ingest.attachment.quarantined; object_store.attachment.quarantined,rf_intake_self_service; rf_intake_telephony_capture; rf_support_ticket_workspace
intake.normalized,intake,intake_safety,NormalizedSubmission,lifecycle,additive_only,append_only,CESV_INTAKE_NORMALIZED_V1,declared,intake_safety; communications; support,service_command_api,ingest.normalized,rf_intake_self_service; rf_intake_telephony_capture; rf_support_ticket_workspace
intake.promotion.settled,intake,intake_safety,SubmissionPromotionRecord,settlement,new_version_required,append_only,CESV_INTAKE_PROMOTION_SETTLED_V1,declared,intake_safety; communications; support,service_command_api,ingest.promotion.settled,rf_intake_self_service; rf_intake_telephony_capture; rf_support_ticket_workspace
intake.resume.continuity.updated,intake,intake_safety,DraftContinuityEvidenceProjection,continuity,new_version_required,idempotent_replace,CESV_INTAKE_RESUME_CONTINUITY_UPDATED_V1,declared,intake_safety; communications; support,service_command_api,ingest.resume.continuity.updated,rf_intake_self_service; rf_intake_telephony_capture; rf_support_ticket_workspace
identity.binding.created,identity,identity_access,IdentityBinding,lifecycle,additive_only,append_only,CESV_IDENTITY_BINDING_CREATED_V1,declared,identity_access; support; patient_experience; platform_runtime,service_command_api,,rf_patient_secure_link_recovery; rf_patient_embedded_channel; rf_staff_workspace; rf_support_replay_observe
identity.binding.settled,identity,identity_access,IdentityBinding,settlement,new_version_required,append_only,CESV_IDENTITY_BINDING_SETTLED_V1,declared,identity_access; support; patient_experience; platform_runtime,service_command_api,,rf_patient_secure_link_recovery; rf_patient_embedded_channel; rf_staff_workspace; rf_support_replay_observe
identity.binding.verified,identity,identity_access,IdentityBinding,lifecycle,additive_only,append_only,CESV_IDENTITY_BINDING_VERIFIED_V1,declared,identity_access; support; patient_experience; platform_runtime,service_command_api,,rf_patient_secure_link_recovery; rf_patient_embedded_channel; rf_staff_workspace; rf_support_replay_observe
identity.binding.superseded,identity,identity_access,IdentityBinding,lifecycle,additive_only,superseding,CESV_IDENTITY_BINDING_SUPERSEDED_V1,declared,identity_access; support; patient_experience; platform_runtime,service_command_api,,rf_patient_secure_link_recovery; rf_patient_embedded_channel; rf_staff_workspace; rf_support_replay_observe
identity.binding.corrected,identity,identity_access,IdentityBinding,lifecycle,additive_only,append_only,CESV_IDENTITY_BINDING_CORRECTED_V1,declared,identity_access; support; patient_experience; platform_runtime,service_command_api,,rf_patient_secure_link_recovery; rf_patient_embedded_channel; rf_staff_workspace; rf_support_replay_observe
identity.binding.revoked,identity,identity_access,IdentityBinding,lifecycle,additive_only,superseding,CESV_IDENTITY_BINDING_REVOKED_V1,declared,identity_access; support; patient_experience; platform_runtime,service_command_api,,rf_patient_secure_link_recovery; rf_patient_embedded_channel; rf_staff_workspace; rf_support_replay_observe
identity.repair_signal.recorded,identity,identity_access,IdentityRepairSignal,lifecycle,additive_only,append_only,CESV_IDENTITY_REPAIR_SIGNAL_RECORDED_V1,declared,identity_access; support; patient_experience; platform_runtime,service_command_api,,rf_patient_secure_link_recovery; rf_patient_embedded_channel; rf_staff_workspace; rf_support_replay_observe
identity.repair_case.opened,identity,identity_access,IdentityRepairCase,recovery,additive_only,append_only,CESV_IDENTITY_REPAIR_CASE_OPENED_V1,declared,identity_access; support; patient_experience; platform_runtime,service_command_api,,rf_patient_secure_link_recovery; rf_patient_embedded_channel; rf_staff_workspace; rf_support_replay_observe
identity.repair_case.freeze_committed,identity,identity_access,IdentityRepairCase,recovery,additive_only,append_only,CESV_IDENTITY_REPAIR_CASE_FREEZE_COMMITTED_V1,declared,identity_access; support; patient_experience; platform_runtime,service_command_api,,rf_patient_secure_link_recovery; rf_patient_embedded_channel; rf_staff_workspace; rf_support_replay_observe
identity.repair_branch.quarantined,identity,identity_access,IdentityRepairBranchDisposition,recovery,additive_only,append_only,CESV_IDENTITY_REPAIR_BRANCH_QUARANTINED_V1,declared,identity_access; support; patient_experience; platform_runtime,service_command_api,,rf_patient_secure_link_recovery; rf_patient_embedded_channel; rf_staff_workspace; rf_support_replay_observe
identity.repair_case.corrected,identity,identity_access,IdentityRepairCase,recovery,additive_only,append_only,CESV_IDENTITY_REPAIR_CASE_CORRECTED_V1,declared,identity_access; support; patient_experience; platform_runtime,service_command_api,,rf_patient_secure_link_recovery; rf_patient_embedded_channel; rf_staff_workspace; rf_support_replay_observe
identity.repair_release.settled,identity,identity_access,IdentityRepairReleaseSettlement,settlement,new_version_required,append_only,CESV_IDENTITY_REPAIR_RELEASE_SETTLED_V1,declared,identity_access; support; patient_experience; platform_runtime,service_command_api,,rf_patient_secure_link_recovery; rf_patient_embedded_channel; rf_staff_workspace; rf_support_replay_observe
identity.repair_case.closed,identity,identity_access,IdentityRepairCase,recovery,additive_only,append_only,CESV_IDENTITY_REPAIR_CASE_CLOSED_V1,declared,identity_access; support; patient_experience; platform_runtime,service_command_api,,rf_patient_secure_link_recovery; rf_patient_embedded_channel; rf_staff_workspace; rf_support_replay_observe
identity.session.established,identity,identity_access,Session,lifecycle,additive_only,append_only,CESV_IDENTITY_SESSION_ESTABLISHED_V1,declared,identity_access; support; patient_experience; platform_runtime,service_command_api,,rf_patient_secure_link_recovery; rf_patient_embedded_channel; rf_staff_workspace; rf_support_replay_observe
identity.session.rotated,identity,identity_access,Session,lifecycle,additive_only,superseding,CESV_IDENTITY_SESSION_ROTATED_V1,declared,identity_access; support; patient_experience; platform_runtime,service_command_api,,rf_patient_secure_link_recovery; rf_patient_embedded_channel; rf_staff_workspace; rf_support_replay_observe
identity.session.terminated,identity,identity_access,Session,lifecycle,additive_only,append_only,CESV_IDENTITY_SESSION_TERMINATED_V1,declared,identity_access; support; patient_experience; platform_runtime,service_command_api,,rf_patient_secure_link_recovery; rf_patient_embedded_channel; rf_staff_workspace; rf_support_replay_observe
access.grant.issued,access,identity_access,AccessGrant,settlement,new_version_required,append_only,CESV_ACCESS_GRANT_ISSUED_V1,declared,identity_access; support; patient_experience,service_command_api,,rf_patient_secure_link_recovery; rf_patient_embedded_channel; rf_support_replay_observe
access.grant.redeemed,access,identity_access,AccessGrant,lifecycle,additive_only,append_only,CESV_ACCESS_GRANT_REDEEMED_V1,declared,identity_access; support; patient_experience,service_command_api,,rf_patient_secure_link_recovery; rf_patient_embedded_channel; rf_support_replay_observe
access.grant.rotated,access,identity_access,AccessGrant,lifecycle,additive_only,superseding,CESV_ACCESS_GRANT_ROTATED_V1,declared,identity_access; support; patient_experience,service_command_api,,rf_patient_secure_link_recovery; rf_patient_embedded_channel; rf_support_replay_observe
access.grant.superseded,access,identity_access,AccessGrant,lifecycle,additive_only,superseding,CESV_ACCESS_GRANT_SUPERSEDED_V1,declared,identity_access; support; patient_experience,service_command_api,,rf_patient_secure_link_recovery; rf_patient_embedded_channel; rf_support_replay_observe
access.grant.revoked,access,identity_access,AccessGrant,lifecycle,additive_only,superseding,CESV_ACCESS_GRANT_REVOKED_V1,declared,identity_access; support; patient_experience,service_command_api,,rf_patient_secure_link_recovery; rf_patient_embedded_channel; rf_support_replay_observe
telephony.call.started,telephony,communications,CallSession,lifecycle,additive_only,append_only,CESV_TELEPHONY_CALL_STARTED_V1,watch,communications; intake_safety; platform_integration; support,,,rf_intake_telephony_capture
telephony.menu.selected,telephony,communications,CallSession,lifecycle,additive_only,append_only,CESV_TELEPHONY_MENU_SELECTED_V1,watch,communications; intake_safety; platform_integration; support,,,rf_intake_telephony_capture
telephony.identity.captured,telephony,communications,CallSession,lifecycle,additive_only,append_only,CESV_TELEPHONY_IDENTITY_CAPTURED_V1,watch,communications; intake_safety; platform_integration; support,,,rf_intake_telephony_capture
telephony.recording.ready,telephony,communications,TranscriptArtifact,lifecycle,additive_only,append_only,CESV_TELEPHONY_RECORDING_READY_V1,watch,communications; intake_safety; platform_integration; support,,R_TEL.recording.ready; ivr.recording.complete,rf_intake_telephony_capture
telephony.urgent_live.assessed,telephony,communications,TelephonyUrgentLiveAssessment,lifecycle,additive_only,append_only,CESV_TELEPHONY_URGENT_LIVE_ASSESSED_V1,watch,communications; intake_safety; platform_integration; support,,,rf_intake_telephony_capture
telephony.transcript.readiness.updated,telephony,communications,TelephonyTranscriptReadinessRecord,lifecycle,additive_only,idempotent_replace,CESV_TELEPHONY_TRANSCRIPT_READINESS_UPDATED_V1,watch,communications; intake_safety; platform_integration; support,,,rf_intake_telephony_capture
telephony.evidence.pending,telephony,communications,TelephonyEvidenceReadinessAssessment,blocker,additive_only,append_only,CESV_TELEPHONY_EVIDENCE_PENDING_V1,watch,communications; intake_safety; platform_integration; support,,,rf_intake_telephony_capture
telephony.evidence.readiness.assessed,telephony,communications,TelephonyEvidenceReadinessAssessment,evidence,additive_only,append_only,CESV_TELEPHONY_EVIDENCE_READINESS_ASSESSED_V1,watch,communications; intake_safety; platform_integration; support,,,rf_intake_telephony_capture
telephony.evidence.ready,telephony,communications,TelephonyEvidenceReadinessAssessment,evidence,additive_only,append_only,CESV_TELEPHONY_EVIDENCE_READY_V1,watch,communications; intake_safety; platform_integration; support,,,rf_intake_telephony_capture
telephony.manual_review.required,telephony,communications,TelephonyManualReviewDisposition,blocker,additive_only,append_only,CESV_TELEPHONY_MANUAL_REVIEW_REQUIRED_V1,watch,communications; intake_safety; platform_integration; support,,,rf_intake_telephony_capture
telephony.continuation.eligibility.settled,telephony,communications,TelephonyContinuationEligibility,settlement,new_version_required,append_only,CESV_TELEPHONY_CONTINUATION_ELIGIBILITY_SETTLED_V1,watch,communications; intake_safety; platform_integration; support,,,rf_intake_telephony_capture
telephony.sms_link.sent,telephony,communications,CommunicationEnvelope,lifecycle,additive_only,append_only,CESV_TELEPHONY_SMS_LINK_SENT_V1,watch,communications; intake_safety; platform_integration; support,,,rf_intake_telephony_capture
telephony.request.seeded,telephony,communications,SubmissionEnvelope,lifecycle,additive_only,append_only,CESV_TELEPHONY_REQUEST_SEEDED_V1,watch,communications; intake_safety; platform_integration; support,,,rf_intake_telephony_capture
telephony.continuation.context.created,telephony,communications,TelephonyContinuationContext,lifecycle,additive_only,append_only,CESV_TELEPHONY_CONTINUATION_CONTEXT_CREATED_V1,watch,communications; intake_safety; platform_integration; support,,,rf_intake_telephony_capture
telephony.continuation.context.resolved,telephony,communications,TelephonyContinuationContext,settlement,new_version_required,append_only,CESV_TELEPHONY_CONTINUATION_CONTEXT_RESOLVED_V1,watch,communications; intake_safety; platform_integration; support,,,rf_intake_telephony_capture
safety.screened,safety,intake_safety,SafetyDecisionRecord,evidence,additive_only,append_only,CESV_SAFETY_SCREENED_V1,declared,intake_safety; triage_workspace,service_command_api,,rf_intake_self_service; rf_intake_telephony_capture; rf_staff_workspace
safety.classified,safety,intake_safety,SafetyDecisionRecord,evidence,additive_only,append_only,CESV_SAFETY_CLASSIFIED_V1,declared,intake_safety; triage_workspace,service_command_api,,rf_intake_self_service; rf_intake_telephony_capture; rf_staff_workspace
safety.preempted,safety,intake_safety,SafetyDecisionRecord,lifecycle,additive_only,append_only,CESV_SAFETY_PREEMPTED_V1,declared,intake_safety; triage_workspace,service_command_api,,rf_intake_self_service; rf_intake_telephony_capture; rf_staff_workspace
safety.reassessed,safety,intake_safety,SafetyDecisionRecord,lifecycle,additive_only,append_only,CESV_SAFETY_REASSESSED_V1,declared,intake_safety; triage_workspace,service_command_api,,rf_intake_self_service; rf_intake_telephony_capture; rf_staff_workspace
safety.decision_settled,safety,intake_safety,SafetyDecisionRecord,settlement,new_version_required,append_only,CESV_SAFETY_DECISION_SETTLED_V1,declared,intake_safety; triage_workspace,service_command_api,,rf_intake_self_service; rf_intake_telephony_capture; rf_staff_workspace
safety.urgent_diversion.required,safety,intake_safety,SafetyDecisionRecord,recovery,additive_only,append_only,CESV_SAFETY_URGENT_DIVERSION_REQUIRED_V1,declared,intake_safety; triage_workspace,service_command_api,,rf_intake_self_service; rf_intake_telephony_capture; rf_staff_workspace
safety.urgent_diversion.issued,safety,intake_safety,SafetyDecisionRecord,recovery,additive_only,append_only,CESV_SAFETY_URGENT_DIVERSION_ISSUED_V1,declared,intake_safety; triage_workspace,service_command_api,,rf_intake_self_service; rf_intake_telephony_capture; rf_staff_workspace
safety.urgent_diversion.completed,safety,intake_safety,SafetyDecisionRecord,recovery,additive_only,append_only,CESV_SAFETY_URGENT_DIVERSION_COMPLETED_V1,declared,intake_safety; triage_workspace,service_command_api,,rf_intake_self_service; rf_intake_telephony_capture; rf_staff_workspace
triage.task.created,triage,triage_workspace,TriageTask,lifecycle,additive_only,append_only,CESV_TRIAGE_TASK_CREATED_V1,declared,triage_workspace; support,service_command_api,tasks.created,rf_staff_workspace; rf_staff_workspace_child
triage.task.claimed,triage,triage_workspace,TriageTask,lifecycle,additive_only,append_only,CESV_TRIAGE_TASK_CLAIMED_V1,declared,triage_workspace; support,service_command_api,tasks.claimed,rf_staff_workspace; rf_staff_workspace_child
triage.task.resumed,triage,triage_workspace,TriageTask,lifecycle,additive_only,append_only,CESV_TRIAGE_TASK_RESUMED_V1,declared,triage_workspace; support,service_command_api,tasks.resumed,rf_staff_workspace; rf_staff_workspace_child
triage.task.settled,triage,triage_workspace,TriageTask,settlement,new_version_required,append_only,CESV_TRIAGE_TASK_SETTLED_V1,declared,triage_workspace; support,service_command_api,tasks.settled,rf_staff_workspace; rf_staff_workspace_child
triage.task_completion.continuity.updated,triage,triage_workspace,WorkspaceContinuityEvidenceProjection,continuity,new_version_required,idempotent_replace,CESV_TRIAGE_TASK_COMPLETION_CONTINUITY_UPDATED_V1,declared,triage_workspace; support,service_command_api,,rf_staff_workspace; rf_staff_workspace_child
booking.capability.resolved,booking,booking,BookingCase,settlement,new_version_required,append_only,CESV_BOOKING_CAPABILITY_RESOLVED_V1,declared,booking; hub_coordination; patient_experience; platform_integration,service_command_api; service_notification_worker,,rf_patient_appointments; rf_hub_queue; rf_hub_case_management; rf_staff_workspace
booking.slots.fetched,booking,booking,CapacityReservation,lifecycle,additive_only,append_only,CESV_BOOKING_SLOTS_FETCHED_V1,declared,booking; hub_coordination; patient_experience; platform_integration,service_command_api; service_notification_worker,,rf_patient_appointments; rf_hub_queue; rf_hub_case_management; rf_staff_workspace
booking.offers.created,booking,booking,CapacityReservation,lifecycle,additive_only,append_only,CESV_BOOKING_OFFERS_CREATED_V1,declared,booking; hub_coordination; patient_experience; platform_integration,service_command_api; service_notification_worker,,rf_patient_appointments; rf_hub_queue; rf_hub_case_management; rf_staff_workspace
booking.slot.selected,booking,booking,CapacityReservation,lifecycle,additive_only,append_only,CESV_BOOKING_SLOT_SELECTED_V1,declared,booking; hub_coordination; patient_experience; platform_integration,service_command_api; service_notification_worker,,rf_patient_appointments; rf_hub_queue; rf_hub_case_management; rf_staff_workspace
booking.slot.revalidated,booking,booking,CapacityReservation,lifecycle,additive_only,append_only,CESV_BOOKING_SLOT_REVALIDATED_V1,declared,booking; hub_coordination; patient_experience; platform_integration,service_command_api; service_notification_worker,,rf_patient_appointments; rf_hub_queue; rf_hub_case_management; rf_staff_workspace
booking.slot.revalidation.failed,booking,booking,CapacityReservation,blocker,additive_only,append_only,CESV_BOOKING_SLOT_REVALIDATION_FAILED_V1,declared,booking; hub_coordination; patient_experience; platform_integration,service_command_api; service_notification_worker,,rf_patient_appointments; rf_hub_queue; rf_hub_case_management; rf_staff_workspace
booking.commit.started,booking,booking,BookingCase,lifecycle,additive_only,append_only,CESV_BOOKING_COMMIT_STARTED_V1,declared,booking; hub_coordination; patient_experience; platform_integration,service_command_api; service_notification_worker,,rf_patient_appointments; rf_hub_queue; rf_hub_case_management; rf_staff_workspace
booking.commit.confirmation_pending,booking,booking,BookingCase,blocker,additive_only,append_only,CESV_BOOKING_COMMIT_CONFIRMATION_PENDING_V1,declared,booking; hub_coordination; patient_experience; platform_integration,service_command_api; service_notification_worker,,rf_patient_appointments; rf_hub_queue; rf_hub_case_management; rf_staff_workspace
booking.commit.reconciliation_pending,booking,booking,BookingCase,blocker,additive_only,append_only,CESV_BOOKING_COMMIT_RECONCILIATION_PENDING_V1,declared,booking; hub_coordination; patient_experience; platform_integration,service_command_api; service_notification_worker,,rf_patient_appointments; rf_hub_queue; rf_hub_case_management; rf_staff_workspace
booking.commit.confirmed,booking,booking,BookingCase,settlement,new_version_required,append_only,CESV_BOOKING_COMMIT_CONFIRMED_V1,declared,booking; hub_coordination; patient_experience; platform_integration,service_command_api; service_notification_worker,,rf_patient_appointments; rf_hub_queue; rf_hub_case_management; rf_staff_workspace
booking.commit.ambiguous,booking,booking,BookingCase,lifecycle,additive_only,append_only,CESV_BOOKING_COMMIT_AMBIGUOUS_V1,declared,booking; hub_coordination; patient_experience; platform_integration,service_command_api; service_notification_worker,,rf_patient_appointments; rf_hub_queue; rf_hub_case_management; rf_staff_workspace
booking.confirmation.truth.updated,booking,booking,ExternalConfirmationGate,evidence,additive_only,idempotent_replace,CESV_BOOKING_CONFIRMATION_TRUTH_UPDATED_V1,declared,booking; hub_coordination; patient_experience; platform_integration,service_command_api; service_notification_worker,,rf_patient_appointments; rf_hub_queue; rf_hub_case_management; rf_staff_workspace
booking.appointment.created,booking,booking,BookingCase,lifecycle,additive_only,append_only,CESV_BOOKING_APPOINTMENT_CREATED_V1,declared,booking; hub_coordination; patient_experience; platform_integration,service_command_api; service_notification_worker,,rf_patient_appointments; rf_hub_queue; rf_hub_case_management; rf_staff_workspace
booking.reminders.scheduled,booking,booking,BookingCase,lifecycle,additive_only,append_only,CESV_BOOKING_REMINDERS_SCHEDULED_V1,declared,booking; hub_coordination; patient_experience; platform_integration,service_command_api; service_notification_worker,,rf_patient_appointments; rf_hub_queue; rf_hub_case_management; rf_staff_workspace
booking.cancelled,booking,booking,BookingCase,lifecycle,additive_only,append_only,CESV_BOOKING_CANCELLED_V1,declared,booking; hub_coordination; patient_experience; platform_integration,service_command_api; service_notification_worker,,rf_patient_appointments; rf_hub_queue; rf_hub_case_management; rf_staff_workspace
booking.reschedule.started,booking,booking,BookingCase,lifecycle,additive_only,append_only,CESV_BOOKING_RESCHEDULE_STARTED_V1,declared,booking; hub_coordination; patient_experience; platform_integration,service_command_api; service_notification_worker,,rf_patient_appointments; rf_hub_queue; rf_hub_case_management; rf_staff_workspace
booking.manage.continuity.updated,booking,booking,BookingContinuityEvidenceProjection,continuity,new_version_required,idempotent_replace,CESV_BOOKING_MANAGE_CONTINUITY_UPDATED_V1,declared,booking; hub_coordination; patient_experience; platform_integration,service_command_api; service_notification_worker,,rf_patient_appointments; rf_hub_queue; rf_hub_case_management; rf_staff_workspace
hub.case.released,hub,hub_coordination,HubCoordinationCase,lifecycle,additive_only,superseding,CESV_HUB_CASE_RELEASED_V1,declared,hub_coordination; booking,service_command_api,,rf_hub_queue; rf_hub_case_management
hub.case.transfer_started,hub,hub_coordination,HubCoordinationCase,lifecycle,additive_only,append_only,CESV_HUB_CASE_TRANSFER_STARTED_V1,declared,hub_coordination; booking,service_command_api,,rf_hub_queue; rf_hub_case_management
hub.case.transfer_accepted,hub,hub_coordination,HubCoordinationCase,settlement,new_version_required,append_only,CESV_HUB_CASE_TRANSFER_ACCEPTED_V1,declared,hub_coordination; booking,service_command_api,,rf_hub_queue; rf_hub_case_management
hub.capacity.snapshot.created,hub,hub_coordination,CapacityReservation,evidence,additive_only,append_only,CESV_HUB_CAPACITY_SNAPSHOT_CREATED_V1,declared,hub_coordination; booking,service_command_api,,rf_hub_queue; rf_hub_case_management
hub.candidates.rank_completed,hub,hub_coordination,HubCoordinationCase,settlement,new_version_required,append_only,CESV_HUB_CANDIDATES_RANK_COMPLETED_V1,declared,hub_coordination; booking,service_command_api,,rf_hub_queue; rf_hub_case_management
hub.offer.created,hub,hub_coordination,HubCoordinationCase,lifecycle,additive_only,append_only,CESV_HUB_OFFER_CREATED_V1,declared,hub_coordination; booking,service_command_api,,rf_hub_queue; rf_hub_case_management
hub.offer.accepted,hub,hub_coordination,HubCoordinationCase,settlement,new_version_required,append_only,CESV_HUB_OFFER_ACCEPTED_V1,declared,hub_coordination; booking,service_command_api,,rf_hub_queue; rf_hub_case_management
hub.booking.native_started,hub,hub_coordination,HubCoordinationCase,lifecycle,additive_only,append_only,CESV_HUB_BOOKING_NATIVE_STARTED_V1,declared,hub_coordination; booking,service_command_api,,rf_hub_queue; rf_hub_case_management
hub.booking.confirmation_pending,hub,hub_coordination,HubCoordinationCase,blocker,additive_only,append_only,CESV_HUB_BOOKING_CONFIRMATION_PENDING_V1,declared,hub_coordination; booking,service_command_api,,rf_hub_queue; rf_hub_case_management
hub.booking.externally_confirmed,hub,hub_coordination,HubCoordinationCase,settlement,new_version_required,append_only,CESV_HUB_BOOKING_EXTERNALLY_CONFIRMED_V1,declared,hub_coordination; booking,service_command_api,,rf_hub_queue; rf_hub_case_management
hub.practice.notified,hub,hub_coordination,HubCoordinationCase,lifecycle,additive_only,append_only,CESV_HUB_PRACTICE_NOTIFIED_V1,declared,hub_coordination; booking,service_command_api,,rf_hub_queue; rf_hub_case_management
pharmacy.dispatch.started,pharmacy,pharmacy,PharmacyDispatchAttempt,lifecycle,additive_only,append_only,CESV_PHARMACY_DISPATCH_STARTED_V1,declared,pharmacy; platform_integration; patient_experience,service_command_api; service_notification_worker,,rf_pharmacy_console; rf_patient_requests; rf_patient_appointments
pharmacy.dispatch.acknowledged,pharmacy,pharmacy,PharmacyDispatchAttempt,lifecycle,additive_only,append_only,CESV_PHARMACY_DISPATCH_ACKNOWLEDGED_V1,declared,pharmacy; platform_integration; patient_experience,service_command_api; service_notification_worker,,rf_pharmacy_console; rf_patient_requests; rf_patient_appointments
pharmacy.dispatch.confirmed,pharmacy,pharmacy,PharmacyDispatchAttempt,settlement,new_version_required,append_only,CESV_PHARMACY_DISPATCH_CONFIRMED_V1,declared,pharmacy; platform_integration; patient_experience,service_command_api; service_notification_worker,,rf_pharmacy_console; rf_patient_requests; rf_patient_appointments
pharmacy.dispatch.proof_missing,pharmacy,pharmacy,PharmacyDispatchAttempt,blocker,additive_only,append_only,CESV_PHARMACY_DISPATCH_PROOF_MISSING_V1,declared,pharmacy; platform_integration; patient_experience,service_command_api; service_notification_worker,,rf_pharmacy_console; rf_patient_requests; rf_patient_appointments
pharmacy.consent.revoked,pharmacy,pharmacy,PharmacyCase,lifecycle,additive_only,superseding,CESV_PHARMACY_CONSENT_REVOKED_V1,declared,pharmacy; platform_integration; patient_experience,service_command_api; service_notification_worker,,rf_pharmacy_console; rf_patient_requests; rf_patient_appointments
pharmacy.consent.revocation.recorded,pharmacy,pharmacy,PharmacyCase,lifecycle,additive_only,append_only,CESV_PHARMACY_CONSENT_REVOCATION_RECORDED_V1,declared,pharmacy; platform_integration; patient_experience,service_command_api; service_notification_worker,,rf_pharmacy_console; rf_patient_requests; rf_patient_appointments
pharmacy.outcome.received,pharmacy,pharmacy,PharmacyCase,lifecycle,additive_only,append_only,CESV_PHARMACY_OUTCOME_RECEIVED_V1,declared,pharmacy; platform_integration; patient_experience,service_command_api; service_notification_worker,,rf_pharmacy_console; rf_patient_requests; rf_patient_appointments
pharmacy.outcome.unmatched,pharmacy,pharmacy,PharmacyCase,lifecycle,additive_only,append_only,CESV_PHARMACY_OUTCOME_UNMATCHED_V1,declared,pharmacy; platform_integration; patient_experience,service_command_api; service_notification_worker,,rf_pharmacy_console; rf_patient_requests; rf_patient_appointments
pharmacy.outcome.reconciled,pharmacy,pharmacy,PharmacyCase,settlement,new_version_required,append_only,CESV_PHARMACY_OUTCOME_RECONCILED_V1,declared,pharmacy; platform_integration; patient_experience,service_command_api; service_notification_worker,,rf_pharmacy_console; rf_patient_requests; rf_patient_appointments
pharmacy.reachability.blocked,pharmacy,pharmacy,PharmacyCase,blocker,additive_only,append_only,CESV_PHARMACY_REACHABILITY_BLOCKED_V1,declared,pharmacy; platform_integration; patient_experience,service_command_api; service_notification_worker,,rf_pharmacy_console; rf_patient_requests; rf_patient_appointments
pharmacy.reachability.repaired,pharmacy,pharmacy,PharmacyCase,recovery,additive_only,append_only,CESV_PHARMACY_REACHABILITY_REPAIRED_V1,declared,pharmacy; platform_integration; patient_experience,service_command_api; service_notification_worker,,rf_pharmacy_console; rf_patient_requests; rf_patient_appointments
pharmacy.case.resolved,pharmacy,pharmacy,PharmacyCase,settlement,new_version_required,append_only,CESV_PHARMACY_CASE_RESOLVED_V1,declared,pharmacy; platform_integration; patient_experience,service_command_api; service_notification_worker,,rf_pharmacy_console; rf_patient_requests; rf_patient_appointments
pharmacy.case.bounce_back,pharmacy,pharmacy,PharmacyCase,lifecycle,additive_only,append_only,CESV_PHARMACY_CASE_BOUNCE_BACK_V1,declared,pharmacy; platform_integration; patient_experience,service_command_api; service_notification_worker,,rf_pharmacy_console; rf_patient_requests; rf_patient_appointments
pharmacy.console_settlement.continuity.updated,pharmacy,pharmacy,PharmacyCase,continuity,new_version_required,idempotent_replace,CESV_PHARMACY_CONSOLE_SETTLEMENT_CONTINUITY_UPDATED_V1,declared,pharmacy; platform_integration; patient_experience,service_command_api; service_notification_worker,,rf_pharmacy_console; rf_patient_requests; rf_patient_appointments
patient.receipt.issued,patient,patient_experience,PatientReceiptEnvelope,settlement,namespace_break,append_only,CESV_PATIENT_RECEIPT_ISSUED_V1,declared,patient_experience; communications; booking; hub_coordination; identity_access,service_command_api,,rf_patient_home; rf_patient_requests; rf_patient_appointments; rf_patient_health_record; rf_patient_messages; rf_patient_embedded_channel
patient.receipt.degraded,patient,patient_experience,PatientReceiptEnvelope,recovery,namespace_break,append_only,CESV_PATIENT_RECEIPT_DEGRADED_V1,declared,patient_experience; communications; booking; hub_coordination; identity_access,service_command_api,,rf_patient_home; rf_patient_requests; rf_patient_appointments; rf_patient_health_record; rf_patient_messages; rf_patient_embedded_channel
patient.receipt.consistency.updated,patient,patient_experience,PatientReceiptEnvelope,lifecycle,additive_only,idempotent_replace,CESV_PATIENT_RECEIPT_CONSISTENCY_UPDATED_V1,declared,patient_experience; communications; booking; hub_coordination; identity_access,service_command_api,,rf_patient_home; rf_patient_requests; rf_patient_appointments; rf_patient_health_record; rf_patient_messages; rf_patient_embedded_channel
patient.nav.digest.updated,patient,patient_experience,PatientNavUrgencyDigest,evidence,additive_only,idempotent_replace,CESV_PATIENT_NAV_DIGEST_UPDATED_V1,declared,patient_experience; communications; booking; hub_coordination; identity_access,service_command_api,,rf_patient_home; rf_patient_requests; rf_patient_appointments; rf_patient_health_record; rf_patient_messages; rf_patient_embedded_channel
patient.nav.return.bound,patient,patient_experience,PatientNavReturnContract,continuity,new_version_required,append_only,CESV_PATIENT_NAV_RETURN_BOUND_V1,declared,patient_experience; communications; booking; hub_coordination; identity_access,service_command_api,,rf_patient_home; rf_patient_requests; rf_patient_appointments; rf_patient_health_record; rf_patient_messages; rf_patient_embedded_channel
patient.record_action.context.issued,patient,patient_experience,RecordActionContextToken,continuity,new_version_required,append_only,CESV_PATIENT_RECORD_ACTION_CONTEXT_ISSUED_V1,declared,patient_experience; communications; booking; hub_coordination; identity_access,service_command_api,,rf_patient_home; rf_patient_requests; rf_patient_appointments; rf_patient_health_record; rf_patient_messages; rf_patient_embedded_channel
patient.recovery.continuation.issued,patient,patient_experience,RecoveryContinuationToken,continuity,new_version_required,append_only,CESV_PATIENT_RECOVERY_CONTINUATION_ISSUED_V1,declared,patient_experience; communications; booking; hub_coordination; identity_access,service_command_api,,rf_patient_home; rf_patient_requests; rf_patient_appointments; rf_patient_health_record; rf_patient_messages; rf_patient_embedded_channel
communication.queued,communication,communications,CommunicationEnvelope,lifecycle,additive_only,append_only,CESV_COMMUNICATION_QUEUED_V1,declared,communications; platform_integration; support; patient_experience,service_command_api; service_notification_worker,,rf_patient_messages; rf_support_ticket_workspace
communication.receipt.enveloped,communication,communications,CommunicationEnvelope,evidence,additive_only,append_only,CESV_COMMUNICATION_RECEIPT_ENVELOPED_V1,declared,communications; platform_integration; support; patient_experience,service_command_api; service_notification_worker,,rf_patient_messages; rf_support_ticket_workspace
communication.command.settled,communication,communications,ConversationCommandSettlement,settlement,new_version_required,append_only,CESV_COMMUNICATION_COMMAND_SETTLED_V1,declared,communications; platform_integration; support; patient_experience,service_command_api; service_notification_worker,,rf_patient_messages; rf_support_ticket_workspace
communication.delivery.evidence.recorded,communication,communications,CommunicationEnvelope,evidence,additive_only,append_only,CESV_COMMUNICATION_DELIVERY_EVIDENCE_RECORDED_V1,declared,communications; platform_integration; support; patient_experience,service_command_api; service_notification_worker,R_MSG.delivery.receipt; provider.delivery.receipt,rf_patient_messages; rf_support_ticket_workspace
communication.callback.outcome.recorded,communication,communications,CommunicationEnvelope,evidence,additive_only,append_only,CESV_COMMUNICATION_CALLBACK_OUTCOME_RECORDED_V1,declared,communications; platform_integration; support; patient_experience,service_command_api; service_notification_worker,R_GP.callback.outcome; R_REF.callback.outcome,rf_patient_messages; rf_support_ticket_workspace
reachability.dependency.created,reachability,identity_access,ReachabilityDependency,lifecycle,additive_only,append_only,CESV_REACHABILITY_DEPENDENCY_CREATED_V1,declared,identity_access; communications; platform_integration,service_command_api; service_notification_worker,,rf_patient_messages; rf_pharmacy_console; rf_support_ticket_workspace
reachability.assessment.settled,reachability,identity_access,ReachabilityAssessmentRecord,settlement,new_version_required,append_only,CESV_REACHABILITY_ASSESSMENT_SETTLED_V1,declared,identity_access; communications; platform_integration,service_command_api; service_notification_worker,,rf_patient_messages; rf_pharmacy_console; rf_support_ticket_workspace
reachability.dependency.failed,reachability,identity_access,ReachabilityDependency,blocker,additive_only,append_only,CESV_REACHABILITY_DEPENDENCY_FAILED_V1,declared,identity_access; communications; platform_integration,service_command_api; service_notification_worker,,rf_patient_messages; rf_pharmacy_console; rf_support_ticket_workspace
reachability.repair.started,reachability,identity_access,ReachabilityDependency,lifecycle,additive_only,append_only,CESV_REACHABILITY_REPAIR_STARTED_V1,declared,identity_access; communications; platform_integration,service_command_api; service_notification_worker,,rf_patient_messages; rf_pharmacy_console; rf_support_ticket_workspace
reachability.dependency.repaired,reachability,identity_access,ReachabilityDependency,recovery,additive_only,append_only,CESV_REACHABILITY_DEPENDENCY_REPAIRED_V1,declared,identity_access; communications; platform_integration,service_command_api; service_notification_worker,,rf_patient_messages; rf_pharmacy_console; rf_support_ticket_workspace
exception.review_case.opened,exception,identity_access,FallbackReviewCase,lifecycle,additive_only,append_only,CESV_EXCEPTION_REVIEW_CASE_OPENED_V1,declared,identity_access; intake_safety; support,service_command_api,fallback.review_case.opened,rf_staff_workspace; rf_support_ticket_workspace
exception.review_case.recovered,exception,identity_access,FallbackReviewCase,recovery,additive_only,append_only,CESV_EXCEPTION_REVIEW_CASE_RECOVERED_V1,declared,identity_access; intake_safety; support,service_command_api,fallback.review_case.recovered,rf_staff_workspace; rf_support_ticket_workspace
exception.artifact.quarantined,exception,identity_access,EvidenceSnapshot,blocker,additive_only,append_only,CESV_EXCEPTION_ARTIFACT_QUARANTINED_V1,declared,identity_access; intake_safety; support,service_command_api,,rf_staff_workspace; rf_support_ticket_workspace
exception.artifact.cleared,exception,identity_access,EvidenceSnapshot,lifecycle,additive_only,append_only,CESV_EXCEPTION_ARTIFACT_CLEARED_V1,declared,identity_access; intake_safety; support,service_command_api,,rf_staff_workspace; rf_support_ticket_workspace
confirmation.gate.created,confirmation,identity_access,ExternalConfirmationGate,lifecycle,additive_only,append_only,CESV_CONFIRMATION_GATE_CREATED_V1,declared,identity_access; booking; hub_coordination; pharmacy; platform_integration,service_command_api; service_notification_worker,external.confirmation.gate.created,rf_patient_appointments; rf_hub_case_management; rf_pharmacy_console
confirmation.gate.confirmed,confirmation,identity_access,ExternalConfirmationGate,settlement,new_version_required,append_only,CESV_CONFIRMATION_GATE_CONFIRMED_V1,declared,identity_access; booking; hub_coordination; pharmacy; platform_integration,service_command_api; service_notification_worker,external.confirmation.gate.confirmed,rf_patient_appointments; rf_hub_case_management; rf_pharmacy_console
confirmation.gate.disputed,confirmation,identity_access,ExternalConfirmationGate,blocker,additive_only,append_only,CESV_CONFIRMATION_GATE_DISPUTED_V1,declared,identity_access; booking; hub_coordination; pharmacy; platform_integration,service_command_api; service_notification_worker,external.confirmation.gate.disputed,rf_patient_appointments; rf_hub_case_management; rf_pharmacy_console
confirmation.gate.expired,confirmation,identity_access,ExternalConfirmationGate,lifecycle,additive_only,superseding,CESV_CONFIRMATION_GATE_EXPIRED_V1,declared,identity_access; booking; hub_coordination; pharmacy; platform_integration,service_command_api; service_notification_worker,external.confirmation.gate.expired,rf_patient_appointments; rf_hub_case_management; rf_pharmacy_console
confirmation.gate.cancelled,confirmation,identity_access,ExternalConfirmationGate,lifecycle,additive_only,append_only,CESV_CONFIRMATION_GATE_CANCELLED_V1,declared,identity_access; booking; hub_coordination; pharmacy; platform_integration,service_command_api; service_notification_worker,external.confirmation.gate.cancelled,rf_patient_appointments; rf_hub_case_management; rf_pharmacy_console
capacity.reservation.created,capacity,booking,CapacityReservation,lifecycle,additive_only,append_only,CESV_CAPACITY_RESERVATION_CREATED_V1,declared,booking; hub_coordination,service_command_api,,rf_patient_appointments; rf_hub_queue
capacity.reservation.soft_selected,capacity,booking,CapacityReservation,lifecycle,additive_only,append_only,CESV_CAPACITY_RESERVATION_SOFT_SELECTED_V1,declared,booking; hub_coordination,service_command_api,,rf_patient_appointments; rf_hub_queue
capacity.reservation.held,capacity,booking,CapacityReservation,lifecycle,additive_only,append_only,CESV_CAPACITY_RESERVATION_HELD_V1,declared,booking; hub_coordination,service_command_api,,rf_patient_appointments; rf_hub_queue
capacity.reservation.pending_confirmation,capacity,booking,CapacityReservation,blocker,additive_only,append_only,CESV_CAPACITY_RESERVATION_PENDING_CONFIRMATION_V1,declared,booking; hub_coordination,service_command_api,,rf_patient_appointments; rf_hub_queue
capacity.reservation.confirmed,capacity,booking,CapacityReservation,settlement,new_version_required,append_only,CESV_CAPACITY_RESERVATION_CONFIRMED_V1,declared,booking; hub_coordination,service_command_api,,rf_patient_appointments; rf_hub_queue
capacity.reservation.released,capacity,booking,CapacityReservation,lifecycle,additive_only,superseding,CESV_CAPACITY_RESERVATION_RELEASED_V1,declared,booking; hub_coordination,service_command_api,,rf_patient_appointments; rf_hub_queue
capacity.reservation.expired,capacity,booking,CapacityReservation,lifecycle,additive_only,superseding,CESV_CAPACITY_RESERVATION_EXPIRED_V1,declared,booking; hub_coordination,service_command_api,,rf_patient_appointments; rf_hub_queue
capacity.reservation.superseded,capacity,booking,CapacityReservation,lifecycle,additive_only,superseding,CESV_CAPACITY_RESERVATION_SUPERSEDED_V1,declared,booking; hub_coordination,service_command_api,,rf_patient_appointments; rf_hub_queue
capacity.reservation.disputed,capacity,booking,CapacityReservation,blocker,additive_only,append_only,CESV_CAPACITY_RESERVATION_DISPUTED_V1,declared,booking; hub_coordination,service_command_api,,rf_patient_appointments; rf_hub_queue
capacity.reservation.truth.updated,capacity,booking,CapacityReservation,evidence,additive_only,idempotent_replace,CESV_CAPACITY_RESERVATION_TRUTH_UPDATED_V1,declared,booking; hub_coordination,service_command_api,,rf_patient_appointments; rf_hub_queue
support.action.settled,support,support,SupportTicket,settlement,new_version_required,append_only,CESV_SUPPORT_ACTION_SETTLED_V1,declared,support; communications; identity_access,service_command_api,,rf_support_ticket_workspace; rf_support_replay_observe
support.repair.route_opened,support,support,SupportTicket,lifecycle,additive_only,append_only,CESV_SUPPORT_REPAIR_ROUTE_OPENED_V1,declared,support; communications; identity_access,service_command_api,,rf_support_ticket_workspace; rf_support_replay_observe
support.repair.route_settled,support,support,SupportTicket,settlement,new_version_required,append_only,CESV_SUPPORT_REPAIR_ROUTE_SETTLED_V1,declared,support; communications; identity_access,service_command_api,,rf_support_ticket_workspace; rf_support_replay_observe
support.replay.restore.required,support,support,SupportReplayRestoreSettlement,recovery,additive_only,append_only,CESV_SUPPORT_REPLAY_RESTORE_REQUIRED_V1,declared,support; communications; identity_access,service_command_api,,rf_support_ticket_workspace; rf_support_replay_observe
support.replay.restore.settled,support,support,SupportReplayRestoreSettlement,recovery,namespace_break,append_only,CESV_SUPPORT_REPLAY_RESTORE_SETTLED_V1,declared,support; communications; identity_access,service_command_api,,rf_support_ticket_workspace; rf_support_replay_observe
assistive.transcript.ready,assistive,assistive_lab,TranscriptArtifact,lifecycle,new_version_required,append_only,CESV_ASSISTIVE_TRANSCRIPT_READY_V1,watch,assistive_lab; triage_workspace; support,,,rf_assistive_control_shell; rf_staff_workspace_child
assistive.context.snapshot.created,assistive,assistive_lab,AssistiveContinuityEvidenceProjection,continuity,new_version_required,append_only,CESV_ASSISTIVE_CONTEXT_SNAPSHOT_CREATED_V1,watch,assistive_lab; triage_workspace; support,,,rf_assistive_control_shell; rf_staff_workspace_child
assistive.artifact.generated,assistive,assistive_lab,TranscriptPresentationArtifact,lifecycle,new_version_required,append_only,CESV_ASSISTIVE_ARTIFACT_GENERATED_V1,watch,assistive_lab; triage_workspace; support,,,rf_assistive_control_shell; rf_staff_workspace_child
assistive.run.settled,assistive,assistive_lab,AssistiveReleaseCandidate,settlement,new_version_required,append_only,CESV_ASSISTIVE_RUN_SETTLED_V1,watch,assistive_lab; triage_workspace; support,,,rf_assistive_control_shell; rf_staff_workspace_child
assistive.freeze.opened,assistive,assistive_lab,AssistiveReleaseCandidate,lifecycle,namespace_break,append_only,CESV_ASSISTIVE_FREEZE_OPENED_V1,watch,assistive_lab; triage_workspace; support,,,rf_assistive_control_shell; rf_staff_workspace_child
assistive.freeze.released,assistive,assistive_lab,AssistiveReleaseCandidate,lifecycle,namespace_break,superseding,CESV_ASSISTIVE_FREEZE_RELEASED_V1,watch,assistive_lab; triage_workspace; support,,,rf_assistive_control_shell; rf_staff_workspace_child
assistive.session.continuity.updated,assistive,assistive_lab,AssistiveContinuityEvidenceProjection,continuity,new_version_required,idempotent_replace,CESV_ASSISTIVE_SESSION_CONTINUITY_UPDATED_V1,watch,assistive_lab; triage_workspace; support,,,rf_assistive_control_shell; rf_staff_workspace_child
policy.bundle.compiled,policy,governance_admin,CompiledPolicyBundle,policy,new_version_required,append_only,CESV_POLICY_BUNDLE_COMPILED_V1,watch,governance_admin; release_control,,,rf_governance_shell; rf_operations_drilldown
policy.bundle.rejected,policy,governance_admin,CompiledPolicyBundle,policy,new_version_required,append_only,CESV_POLICY_BUNDLE_REJECTED_V1,watch,governance_admin; release_control,,,rf_governance_shell; rf_operations_drilldown
policy.bundle.promoted,policy,governance_admin,CompiledPolicyBundle,policy,new_version_required,append_only,CESV_POLICY_BUNDLE_PROMOTED_V1,watch,governance_admin; release_control,,,rf_governance_shell; rf_operations_drilldown
release.candidate.published,release,release_control,ReleaseCandidate,policy,new_version_required,append_only,CESV_RELEASE_CANDIDATE_PUBLISHED_V1,declared,release_control; platform_runtime,service_api_gateway,,rf_governance_shell; rf_operations_board
release.wave.started,release,release_control,DeploymentWave,policy,new_version_required,append_only,CESV_RELEASE_WAVE_STARTED_V1,declared,release_control; platform_runtime,service_api_gateway,,rf_governance_shell; rf_operations_board
release.wave.widened,release,release_control,DeploymentWave,policy,new_version_required,append_only,CESV_RELEASE_WAVE_WIDENED_V1,declared,release_control; platform_runtime,service_api_gateway,,rf_governance_shell; rf_operations_board
release.freeze.opened,release,release_control,DeploymentWave,policy,namespace_break,append_only,CESV_RELEASE_FREEZE_OPENED_V1,declared,release_control; platform_runtime,service_api_gateway,,rf_governance_shell; rf_operations_board
release.freeze.released,release,release_control,DeploymentWave,policy,namespace_break,superseding,CESV_RELEASE_FREEZE_RELEASED_V1,declared,release_control; platform_runtime,service_api_gateway,,rf_governance_shell; rf_operations_board
release.rollback.started,release,release_control,DeploymentWave,policy,new_version_required,superseding,CESV_RELEASE_ROLLBACK_STARTED_V1,declared,release_control; platform_runtime,service_api_gateway,,rf_governance_shell; rf_operations_board
release.rollback.completed,release,release_control,DeploymentWave,policy,new_version_required,superseding,CESV_RELEASE_ROLLBACK_COMPLETED_V1,declared,release_control; platform_runtime,service_api_gateway,,rf_governance_shell; rf_operations_board
analytics.projection_health.updated,analytics,analytics_assurance,AssuranceGraphCompletenessVerdict,observability,new_version_required,observational,CESV_ANALYTICS_PROJECTION_HEALTH_UPDATED_V1,watch,analytics_assurance; platform_runtime; release_control,,,rf_operations_board; rf_operations_drilldown
analytics.assurance_slice.degraded,analytics,analytics_assurance,AssuranceSliceTrustRecord,observability,new_version_required,observational,CESV_ANALYTICS_ASSURANCE_SLICE_DEGRADED_V1,watch,analytics_assurance; platform_runtime; release_control,,,rf_operations_board; rf_operations_drilldown
analytics.assurance_slice.quarantined,analytics,analytics_assurance,AssuranceSliceTrustRecord,observability,new_version_required,observational,CESV_ANALYTICS_ASSURANCE_SLICE_QUARANTINED_V1,watch,analytics_assurance; platform_runtime; release_control,,,rf_operations_board; rf_operations_drilldown
analytics.continuity_control.health.updated,analytics,analytics_assurance,AssuranceGraphCompletenessVerdict,observability,new_version_required,observational,CESV_ANALYTICS_CONTINUITY_CONTROL_HEALTH_UPDATED_V1,watch,analytics_assurance; platform_runtime; release_control,,,rf_operations_board; rf_operations_drilldown
audit.recorded,audit,audit_compliance,AuditRecord,observability,new_version_required,observational,CESV_AUDIT_RECORDED_V1,watch,audit_compliance; governance_admin; release_control,,,rf_governance_shell; rf_operations_drilldown; rf_support_replay_observe
audit.break_glass.used,audit,audit_compliance,AuditRecord,observability,namespace_break,observational,CESV_AUDIT_BREAK_GLASS_USED_V1,watch,audit_compliance; governance_admin; release_control,,,rf_governance_shell; rf_operations_drilldown; rf_support_replay_observe
audit.export.generated,audit,audit_compliance,AuditRecord,observability,new_version_required,observational,CESV_AUDIT_EXPORT_GENERATED_V1,watch,audit_compliance; governance_admin; release_control,,,rf_governance_shell; rf_operations_drilldown; rf_support_replay_observe
