task_id,task_title,total_requirement_count,direct_requirement_count,test_requirement_count,gate_requirement_count,assurance_requirement_count,orphan_state,notes
seq_001,ingest blueprint corpus and establish traceable requirement registry,1,0,0,0,0,weakly_grounded,Mappings are indirect and should be revisited when the prompt spec is enriched.
seq_002,reconcile blueprint summary layer with phase cards and canonical docs,153,153,0,0,0,none,
seq_003,define product scope boundary and non goals,1,0,0,0,0,weakly_grounded,Mappings are indirect and should be revisited when the prompt spec is enriched.
seq_004,define personas channels and audience surface inventory,410,410,0,0,0,none,
seq_005,map end to end request lineage and endpoint matrix,338,336,0,0,0,none,
seq_006,map canonical domain glossary and object catalog,1,0,0,0,0,weakly_grounded,Mappings are indirect and should be revisited when the prompt spec is enriched.
seq_007,map state machines and cross phase invariants,1,0,0,0,0,weakly_grounded,Mappings are indirect and should be revisited when the prompt spec is enriched.
seq_008,identify external dependency inventory and assurance obligations,255,255,0,0,201,none,
seq_009,define regulatory and clinical safety workstreams,492,492,0,0,84,none,
seq_010,define data classification phi masking and audit posture,1,1,0,0,1,none,
seq_011,choose cloud region tenant model and trust zone strategy,1,0,0,0,0,weakly_grounded,Mappings are indirect and should be revisited when the prompt spec is enriched.
seq_012,choose monorepo build system and language standards,5,5,0,0,0,none,
seq_013,choose backend runtime eventing and storage baselines,50,50,0,0,0,none,
seq_014,choose frontend stack and bff pattern,431,430,0,0,0,none,
seq_015,choose observability security and release tooling baselines,329,329,0,0,0,none,
seq_016,freeze target architecture adr set,658,658,0,0,0,none,
seq_017,define programme milestones parallel tracks and merge gates,173,124,0,152,29,none,
seq_018,create master risk register and dependency watchlist,2,2,0,2,0,none,
seq_019,create requirement to task traceability map,1,0,0,1,0,weakly_grounded,Mappings are indirect and should be revisited when the prompt spec is enriched.
seq_020,approve phase 0 entry criteria and foundation gate,37,37,0,36,7,none,
seq_021,external inventory rank required vs optional integrations,18,18,0,0,0,none,
seq_022,external define provider selection scorecards for identity telephony notifications gp and pharmacy,15,15,0,0,0,none,
seq_023,external create sandbox account strategy and secret ownership model,1,1,0,0,0,none,
seq_024,external use Playwright or other appropriate tooling browser automation to submit nhs login partner access requests,6,6,5,0,0,none,
seq_025,external use Playwright or other appropriate tooling browser automation to capture nhs login credentials and redirect uris,1,1,0,0,0,none,
seq_026,external use Playwright or other appropriate tooling browser automation to submit im1 pairing prerequisite forms and track scal artifacts,2,2,2,0,0,none,
seq_027,external use Playwright or other appropriate tooling browser automation to request optional pds fhir sandbox access and feature flag plan,1,1,1,0,0,none,
seq_028,external use Playwright or other appropriate tooling browser automation to request mesh test mailbox and message workflow access,5,5,5,0,0,none,
seq_029,external use Playwright or other appropriate tooling browser automation to request nhs app sandpit and aos access,1,1,1,0,0,none,
seq_030,external use Playwright or other appropriate tooling browser automation to register nhs app site link metadata placeholders,1,0,1,0,0,weakly_grounded,Mappings are indirect and should be revisited when the prompt spec is enriched.
seq_031,external select telephony ivr sms and email vendors,1,0,0,0,0,weakly_grounded,Mappings are indirect and should be revisited when the prompt spec is enriched.
seq_032,external use Playwright or other appropriate tooling browser automation to create telephony vendor accounts and test numbers,11,11,5,0,0,none,
seq_033,external use Playwright or other appropriate tooling browser automation to create sms and email notification projects,6,6,6,0,0,none,
seq_034,external select transcription and artifact scanning providers,1,0,0,0,0,weakly_grounded,Mappings are indirect and should be revisited when the prompt spec is enriched.
seq_035,external use Playwright or other appropriate tooling browser automation to provision transcription and malware scanning projects,6,6,6,0,0,none,
seq_036,external identify gp system provider sandbox paths and booking capability evidence,13,13,0,0,2,none,
seq_037,external identify pharmacy directory and update record access paths,1,0,0,0,0,weakly_grounded,Mappings are indirect and should be revisited when the prompt spec is enriched.
seq_038,external create local adapter simulator backlog for unavailable or manual integrations,1,0,0,0,0,weakly_grounded,Mappings are indirect and should be revisited when the prompt spec is enriched.
seq_039,external document manual approval checkpoints and browser automation retries,1,0,0,0,0,weakly_grounded,Mappings are indirect and should be revisited when the prompt spec is enriched.
seq_040,external freeze integration contract assumptions and degraded mode defaults,1,0,0,0,0,weakly_grounded,Mappings are indirect and should be revisited when the prompt spec is enriched.
seq_041,phase0 freeze repository topology and package boundary rules,1,0,0,0,0,weakly_grounded,Mappings are indirect and should be revisited when the prompt spec is enriched.
seq_042,phase0 scaffold monorepo apps services and packages,1,0,0,0,0,weakly_grounded,Mappings are indirect and should be revisited when the prompt spec is enriched.
seq_043,phase0 scaffold api gateway command api projection worker and notification worker services,1,1,0,0,0,none,
seq_044,phase0 scaffold domain context modules and shared contract packages,1,0,0,0,0,weakly_grounded,Mappings are indirect and should be revisited when the prompt spec is enriched.
seq_045,phase0 publish coding standards branching and commit conventions,1,0,0,0,0,weakly_grounded,Mappings are indirect and should be revisited when the prompt spec is enriched.
seq_046,phase0 define runtime topology manifest and workload families,1,0,0,0,0,weakly_grounded,Mappings are indirect and should be revisited when the prompt spec is enriched.
seq_047,phase0 define trust zone boundaries and gateway surface map,18,18,0,0,0,none,
seq_048,phase0 define canonical event namespace and schema registry process,1,0,0,0,0,weakly_grounded,Mappings are indirect and should be revisited when the prompt spec is enriched.
seq_049,phase0 define fhir representation contract strategy,1,0,0,0,0,weakly_grounded,Mappings are indirect and should be revisited when the prompt spec is enriched.
seq_050,phase0 define frontend contract manifest strategy,9,9,0,0,0,none,
seq_051,phase0 define release candidate freeze and publication parity strategy,2,2,0,0,0,none,
seq_052,phase0 define design contract publication bundle strategy,236,236,0,0,0,none,
seq_053,phase0 define authoritative audit and worm ledger strategy,15,15,0,0,15,none,
seq_054,phase0 define tenant isolation and acting scope tuple model,1,0,0,0,0,weakly_grounded,Mappings are indirect and should be revisited when the prompt spec is enriched.
seq_055,phase0 define lifecycle coordinator and closure blocker rules,1,0,0,0,0,weakly_grounded,Mappings are indirect and should be revisited when the prompt spec is enriched.
seq_056,phase0 define scoped mutation gate and route intent binding rules,206,206,0,206,0,none,
seq_057,phase0 define adapter contract profile template and degradation profiles,1,0,0,0,0,weakly_grounded,Mappings are indirect and should be revisited when the prompt spec is enriched.
seq_058,phase0 define verification ladder and environment ring policy,1,0,0,0,0,weakly_grounded,Mappings are indirect and should be revisited when the prompt spec is enriched.
seq_059,phase0 define seed data and simulator strategy,1,0,0,0,0,weakly_grounded,Mappings are indirect and should be revisited when the prompt spec is enriched.
seq_060,phase0 define backup restore and recovery tuple baseline,1,0,0,0,0,weakly_grounded,Mappings are indirect and should be revisited when the prompt spec is enriched.
seq_061,phase0 open parallel foundation tracks gate,1,0,0,1,0,weakly_grounded,Mappings are indirect and should be revisited when the prompt spec is enriched.
par_062,phase0 track backend implement submission envelope request and request lineage aggregates,9,9,0,0,0,none,
par_063,phase0 track backend implement evidence snapshot capture bundle derivation package and redaction transforms,1,0,0,0,0,weakly_grounded,Mappings are indirect and should be revisited when the prompt spec is enriched.
par_064,phase0 track backend build fhir representation set and mapping compiler,1,0,0,0,0,weakly_grounded,Mappings are indirect and should be revisited when the prompt spec is enriched.
par_065,phase0 track backend build api contract registry for queries mutations and live channels,1,0,0,0,0,weakly_grounded,Mappings are indirect and should be revisited when the prompt spec is enriched.
par_066,phase0 track backend implement submission promotion record and exactly once envelope to request mapping,1,1,0,0,0,none,
par_067,phase0 track backend implement idempotency record and replay collision review services,1,1,0,0,0,none,
par_068,phase0 track backend implement identity binding access grant and supersession models,17,17,0,0,0,none,
par_069,phase0 track backend implement contact route snapshot and reachability assessment models,8,8,0,0,0,none,
par_070,phase0 track backend implement duplicate cluster and duplicate pair evidence models,6,6,0,0,3,none,
par_071,phase0 track backend implement request lifecycle lease lineage fence and command action records,1,0,0,0,0,weakly_grounded,Mappings are indirect and should be revisited when the prompt spec is enriched.
par_072,phase0 track backend implement command settlement record and transition envelope library,1,0,0,0,0,weakly_grounded,Mappings are indirect and should be revisited when the prompt spec is enriched.
par_073,phase0 track backend implement queue rank plan snapshot and assignment suggestion models,7,7,0,0,0,none,
par_074,phase0 track backend implement capacity reservation and external confirmation gate models,12,12,0,12,0,none,
par_075,phase0 track backend implement release approval freeze channel release freeze and assurance slice trust models,324,324,0,0,7,none,
par_076,phase0 track backend implement request closure record and exception case models,1,0,0,0,0,weakly_grounded,Prompt file is currently empty; title-level grounding only.
par_077,phase0 track backend build lifecycle coordinator service,1,0,0,0,0,weakly_grounded,Prompt file is currently empty; title-level grounding only.
par_078,phase0 track backend build access grant service,1,0,0,0,0,weakly_grounded,Prompt file is currently empty; title-level grounding only.
par_079,phase0 track backend build evidence assimilation coordinator and safety orchestrator,1,0,0,0,0,weakly_grounded,Prompt file is currently empty; title-level grounding only.
par_080,phase0 track backend build identity repair orchestrator and reachability governor,1,0,0,0,0,weakly_grounded,Prompt file is currently empty; title-level grounding only.
par_081,phase0 track backend build reservation authority and queue ranking coordinator,1,0,0,0,0,weakly_grounded,Prompt file is currently empty; title-level grounding only.
par_082,phase0 track backend build projection rebuild worker and event applier,1,0,0,0,0,weakly_grounded,Prompt file is currently empty; title-level grounding only.
par_083,phase0 track backend build simulator backplanes for nhs login im1 mesh telephony and notifications,7,7,0,0,0,weakly_grounded,Prompt file is currently empty; title-level grounding only.
par_084,phase0 track runtime provision core cloud network and private egress controls,1,0,0,0,0,weakly_grounded,Prompt file is currently empty; title-level grounding only.
par_085,phase0 track runtime provision domain transaction store and fhir storage,1,0,0,0,0,weakly_grounded,Prompt file is currently empty; title-level grounding only.
par_086,phase0 track runtime provision object storage quarantine buckets and retention controls,1,0,0,0,0,weakly_grounded,Prompt file is currently empty; title-level grounding only.
par_087,phase0 track runtime provision event bus queueing and outbox inbox infrastructure,1,0,0,0,0,weakly_grounded,Prompt file is currently empty; title-level grounding only.
par_088,phase0 track runtime provision cache and live update transport baseline,1,0,0,0,0,weakly_grounded,Prompt file is currently empty; title-level grounding only.
par_089,phase0 track runtime provision secrets kms and key rotation baseline,1,0,0,0,0,weakly_grounded,Prompt file is currently empty; title-level grounding only.
par_090,phase0 track runtime provision audience specific gateway bff surfaces,1,0,0,0,0,weakly_grounded,Prompt file is currently empty; title-level grounding only.
par_091,phase0 track runtime provision ci cd pipeline and signed build provenance,1,0,0,0,0,weakly_grounded,Prompt file is currently empty; title-level grounding only.
par_092,phase0 track runtime provision preview environments and ephemeral test data reset,5,4,5,0,0,weakly_grounded,Prompt file is currently empty; title-level grounding only.
par_093,phase0 track runtime build observability sdk and edge correlation spine,1,0,0,0,0,weakly_grounded,Prompt file is currently empty; title-level grounding only.
par_094,phase0 track runtime implement runtime publication bundle and release publication parity records,1,0,0,0,0,weakly_grounded,Prompt file is currently empty; title-level grounding only.
par_095,phase0 track runtime implement schema migration runner and projection backfill runner,1,0,0,0,0,weakly_grounded,Prompt file is currently empty; title-level grounding only.
par_096,phase0 track runtime implement client cache policy live update channels and recovery postures,1,0,0,0,0,weakly_grounded,Prompt file is currently empty; title-level grounding only.
par_097,phase0 track runtime implement wave observation policy and release watch tuple pipeline,1,0,0,0,0,weakly_grounded,Prompt file is currently empty; title-level grounding only.
par_098,phase0 track runtime implement dependency degradation profile execution engine,1,0,0,0,0,weakly_grounded,Prompt file is currently empty; title-level grounding only.
par_099,phase0 track runtime implement runtime topology publication checks in pipeline,1,0,0,0,0,weakly_grounded,Prompt file is currently empty; title-level grounding only.
par_100,phase0 track runtime implement supply chain sbom and signature verification,1,0,0,0,0,weakly_grounded,Prompt file is currently empty; title-level grounding only.
par_101,phase0 track runtime implement backup restore jobs and operational readiness snapshot baseline,1,0,0,0,0,weakly_grounded,Prompt file is currently empty; title-level grounding only.
par_102,phase0 track runtime implement non production canary and rollback harness,1,0,0,0,0,weakly_grounded,Prompt file is currently empty; title-level grounding only.
par_103,phase0 track Playwright or other appropriate tooling frontend publish design token foundation,13,13,13,0,0,weakly_grounded,Prompt file is currently empty; title-level grounding only.
par_104,phase0 track Playwright or other appropriate tooling frontend publish canonical ui contract kernel,1,0,1,0,0,weakly_grounded,Prompt file is currently empty; title-level grounding only.
par_105,phase0 track Playwright or other appropriate tooling frontend build shared component primitives and token bindings,1,0,1,0,0,weakly_grounded,Prompt file is currently empty; title-level grounding only.
par_106,phase0 track Playwright or other appropriate tooling frontend build persistent shell framework for patient staff ops hub governance and pharmacy,27,27,13,0,16,weakly_grounded,Prompt file is currently empty; title-level grounding only.
par_107,phase0 track Playwright or other appropriate tooling frontend build shared status strip case pulse and freshness chip components,1,0,1,0,0,weakly_grounded,Prompt file is currently empty; title-level grounding only.
par_108,phase0 track Playwright or other appropriate tooling frontend build selected anchor and return contract state manager,1,0,1,0,0,weakly_grounded,Prompt file is currently empty; title-level grounding only.
par_109,phase0 track Playwright or other appropriate tooling frontend build artifact presentation preview export download and outbound navigation shell,1,0,1,0,0,weakly_grounded,Prompt file is currently empty; title-level grounding only.
par_110,phase0 track Playwright or other appropriate tooling frontend build shared loading empty error and recovery postures,1,0,1,0,0,weakly_grounded,Prompt file is currently empty; title-level grounding only.
par_111,phase0 track Playwright or other appropriate tooling frontend build accessibility semantic coverage and focus management harness,1,0,1,0,0,weakly_grounded,Prompt file is currently empty; title-level grounding only.
par_112,phase0 track Playwright or other appropriate tooling frontend build route guard and feature flag plumbing,1,0,1,0,0,weakly_grounded,Prompt file is currently empty; title-level grounding only.
par_113,phase0 track Playwright or other appropriate tooling frontend build frontend contract manifest codegen and runtime validation,1,0,1,0,0,weakly_grounded,Prompt file is currently empty; title-level grounding only.
par_114,phase0 track Playwright or other appropriate tooling frontend build automation anchor and ui telemetry vocab layer,1,0,1,0,0,weakly_grounded,Prompt file is currently empty; title-level grounding only.
par_115,phase0 track Playwright or other appropriate tooling frontend build patient shell seed routes and mock projections,18,18,1,0,0,weakly_grounded,Prompt file is currently empty; title-level grounding only.
par_116,phase0 track Playwright or other appropriate tooling frontend build staff shell seed routes and mock projections,1,1,1,0,0,weakly_grounded,Prompt file is currently empty; title-level grounding only.
par_117,phase0 track Playwright or other appropriate tooling frontend build ops shell seed routes and mock projections,1,0,1,0,0,weakly_grounded,Prompt file is currently empty; title-level grounding only.
par_118,phase0 track Playwright or other appropriate tooling frontend build hub shell seed routes and mock projections,1,1,0,0,0,weakly_grounded,Prompt file is currently empty; title-level grounding only.
par_119,phase0 track Playwright or other appropriate tooling frontend build governance shell seed routes and mock projections,61,61,0,0,0,weakly_grounded,Prompt file is currently empty; title-level grounding only.
par_120,phase0 track Playwright or other appropriate tooling frontend build pharmacy shell seed routes and mock projections,215,215,0,0,0,weakly_grounded,Prompt file is currently empty; title-level grounding only.
par_121,phase0 track assurance start dcb0129 hazard log and safety case structure,1,0,0,0,0,weakly_grounded,Prompt file is currently empty; title-level grounding only.
par_122,phase0 track assurance start dspt gap assessment and evidence plan,1,0,0,0,0,weakly_grounded,Prompt file is currently empty; title-level grounding only.
par_123,phase0 track assurance start im1 prerequisite and scal readiness pack,1,0,0,0,0,weakly_grounded,Prompt file is currently empty; title-level grounding only.
par_124,phase0 track assurance start nhs login onboarding evidence pack,2,2,0,0,2,weakly_grounded,Prompt file is currently empty; title-level grounding only.
par_125,phase0 track assurance define clinical risk review cadence and signoff matrix,9,9,0,9,4,weakly_grounded,Prompt file is currently empty; title-level grounding only.
par_126,phase0 track assurance define privacy threat model and dpia backlog,1,0,0,0,0,weakly_grounded,Prompt file is currently empty; title-level grounding only.
seq_127,phase0 merge Playwright or other appropriate tooling integrate domain kernel runtime and shell manifests,1,1,0,0,0,weakly_grounded,Prompt file is currently empty; title-level grounding only.
seq_128,phase0 merge seed synthetic reference flow through api gateway command api and projection worker,1,0,0,1,0,weakly_grounded,Prompt file is currently empty; title-level grounding only.
seq_129,phase0 merge validate adapter simulators and seeded external contracts,1,0,0,1,0,weakly_grounded,Prompt file is currently empty; title-level grounding only.
seq_130,phase0 merge Playwright or other appropriate tooling finalize audience surface runtime bindings and publication parity,1,0,0,1,0,weakly_grounded,Prompt file is currently empty; title-level grounding only.
seq_131,phase0 merge finalize release candidate freeze and environment compatibility evidence,1,0,0,1,0,weakly_grounded,Prompt file is currently empty; title-level grounding only.
seq_132,phase0 merge finalize phase0 exit artifacts and happy unhappy path demonstration,1,0,0,1,0,weakly_grounded,Prompt file is currently empty; title-level grounding only.
seq_133,phase0 Playwright or other appropriate tooling testing run domain transition and event schema compatibility suites,1,0,1,0,0,weakly_grounded,Prompt file is currently empty; title-level grounding only.
seq_134,phase0 Playwright or other appropriate tooling testing run route intent projection freshness and scoped mutation gate suites,1,0,0,1,0,weakly_grounded,Prompt file is currently empty; title-level grounding only.
seq_135,phase0 Playwright or other appropriate tooling testing run adapter replay duplicate cluster quarantine and fallback review suites,12,12,12,0,0,weakly_grounded,Prompt file is currently empty; title-level grounding only.
seq_136,phase0 Playwright or other appropriate tooling testing run shell accessibility preview environment and smoke suites,1,0,1,0,0,weakly_grounded,Prompt file is currently empty; title-level grounding only.
seq_137,phase0 Playwright or other appropriate tooling testing run backup restore release freeze and non production canary rehearsals,1,0,1,0,0,weakly_grounded,Prompt file is currently empty; title-level grounding only.
seq_138,phase0 exit gate approve foundation protocol completion,1,0,0,1,0,weakly_grounded,Prompt file is currently empty; title-level grounding only.
seq_139,phase1 freeze web intake journey contract and submission schema lock,4,4,0,0,0,weakly_grounded,Prompt file is currently empty; title-level grounding only.
seq_140,phase1 define request type taxonomy and questionnaire decision tables,6,6,0,0,0,weakly_grounded,Prompt file is currently empty; title-level grounding only.
seq_141,phase1 define attachment acceptance rules classification and quarantine contracts,1,0,0,0,0,weakly_grounded,Prompt file is currently empty; title-level grounding only.
seq_142,phase1 define red flag rulebook and urgent diversion copy,1,0,0,0,0,weakly_grounded,Prompt file is currently empty; title-level grounding only.
seq_143,phase1 open parallel intake tracks gate,1,0,0,1,0,weakly_grounded,Prompt file is currently empty; title-level grounding only.
par_144,phase1 track backend build draft session lease and autosave api,7,7,0,0,0,weakly_grounded,Prompt file is currently empty; title-level grounding only.
par_145,phase1 track backend build submission envelope validation and required field rules,1,0,1,0,0,weakly_grounded,Prompt file is currently empty; title-level grounding only.
par_146,phase1 track backend build attachment upload scan quarantine and document reference pipeline,1,0,0,0,0,weakly_grounded,Prompt file is currently empty; title-level grounding only.
par_147,phase1 track backend build contact preference capture and masked storage,1,0,0,0,0,weakly_grounded,Prompt file is currently empty; title-level grounding only.
par_148,phase1 track backend build submission snapshot freeze and promotion transaction,1,0,0,0,0,weakly_grounded,Prompt file is currently empty; title-level grounding only.
par_149,phase1 track backend build free text normalization into canonical request shape,1,0,0,0,0,weakly_grounded,Prompt file is currently empty; title-level grounding only.
par_150,phase1 track backend build rule based synchronous safety engine,1,0,0,0,0,weakly_grounded,Prompt file is currently empty; title-level grounding only.
par_151,phase1 track backend build urgent diversion settlement and receipt grammar,1,0,0,0,0,weakly_grounded,Prompt file is currently empty; title-level grounding only.
par_152,phase1 track backend build triage task creation eta engine and minimal status tracking,1,0,0,0,0,weakly_grounded,Prompt file is currently empty; title-level grounding only.
par_153,phase1 track backend build confirmation notification dispatch and observability,1,0,0,0,0,weakly_grounded,Prompt file is currently empty; title-level grounding only.
par_154,phase1 track backend build promoted draft token supersession and resume blocking,1,0,0,0,0,weakly_grounded,Prompt file is currently empty; title-level grounding only.
par_155,phase1 track Playwright or other appropriate tooling frontend build patient intake mission frame,1,0,1,0,0,weakly_grounded,Prompt file is currently empty; title-level grounding only.
par_156,phase1 track Playwright or other appropriate tooling frontend build request type selection and progressive question flow,1,0,1,0,0,weakly_grounded,Prompt file is currently empty; title-level grounding only.
par_157,phase1 track Playwright or other appropriate tooling frontend build quiet autosave status strip and resume states,1,0,1,0,0,weakly_grounded,Prompt file is currently empty; title-level grounding only.
par_158,phase1 track Playwright or other appropriate tooling frontend build file upload evidence states and error recovery,2,2,0,0,2,weakly_grounded,Prompt file is currently empty; title-level grounding only.
par_159,phase1 track Playwright or other appropriate tooling frontend build contact preference editor and confirmation copy,1,0,1,0,0,weakly_grounded,Prompt file is currently empty; title-level grounding only.
par_160,phase1 track Playwright or other appropriate tooling frontend build same shell urgent diversion surface,1,0,1,0,0,weakly_grounded,Prompt file is currently empty; title-level grounding only.
par_161,phase1 track Playwright or other appropriate tooling frontend build same shell receipt and eta surface,1,0,1,0,0,weakly_grounded,Prompt file is currently empty; title-level grounding only.
par_162,phase1 track Playwright or other appropriate tooling frontend build minimal track my request page,1,1,0,0,0,weakly_grounded,Prompt file is currently empty; title-level grounding only.
par_163,phase1 track Playwright or other appropriate tooling frontend build sign in uplift refresh and resume postures,1,0,1,0,0,weakly_grounded,Prompt file is currently empty; title-level grounding only.
seq_164,phase1 merge Playwright or other appropriate tooling integrate intake backend with patient shell and notification worker,1,1,0,1,0,weakly_grounded,Prompt file is currently empty; title-level grounding only.
seq_165,phase1 Playwright or other appropriate tooling testing run red flag decision table and malicious upload suites,1,0,1,0,0,weakly_grounded,Prompt file is currently empty; title-level grounding only.
seq_166,phase1 Playwright or other appropriate tooling testing run duplicate submit refresh replay and collision review suites,1,1,0,0,0,weakly_grounded,Prompt file is currently empty; title-level grounding only.
seq_167,phase1 Playwright or other appropriate tooling testing run end to end channel and accessibility regression suites,1,0,1,0,0,weakly_grounded,Prompt file is currently empty; title-level grounding only.
seq_168,phase1 Playwright or other appropriate tooling testing run submission burst performance and resilience suites,6,5,6,0,0,weakly_grounded,Prompt file is currently empty; title-level grounding only.
seq_169,phase1 exit gate approve red flag gate completion,6,6,0,6,0,weakly_grounded,Prompt file is currently empty; title-level grounding only.
seq_170,phase2 freeze trust contract capability gates and identity authority rules,1,0,0,0,0,weakly_grounded,Prompt file is currently empty; title-level grounding only.
seq_171,phase2 freeze nhs login auth transaction and local session contracts,1,0,0,0,0,weakly_grounded,Prompt file is currently empty; title-level grounding only.
seq_172,phase2 freeze patient linkage match model and optional pds enrichment seam,1,0,0,0,0,weakly_grounded,Prompt file is currently empty; title-level grounding only.
seq_173,phase2 freeze telephony call session and evidence readiness contracts,2,2,0,0,2,weakly_grounded,Prompt file is currently empty; title-level grounding only.
seq_174,phase2 open parallel identity and telephony tracks gate,2,2,0,2,0,weakly_grounded,Prompt file is currently empty; title-level grounding only.
par_175,phase2 track identity build auth bridge service with oidc transaction tracking,1,0,0,0,0,weakly_grounded,Prompt file is currently empty; title-level grounding only.
par_176,phase2 track identity build session governor for session establishment rotation and logout,1,0,0,0,0,weakly_grounded,Prompt file is currently empty; title-level grounding only.
par_177,phase2 track identity build identity evidence vault for raw claim and telephony identifier storage,1,0,0,0,0,weakly_grounded,Prompt file is currently empty; title-level grounding only.
par_178,phase2 track identity build patient linker and match confidence pipeline,1,0,0,0,0,weakly_grounded,Prompt file is currently empty; title-level grounding only.
par_179,phase2 track identity build identity binding authority append only decision engine,1,0,0,0,0,weakly_grounded,Prompt file is currently empty; title-level grounding only.
par_180,phase2 track identity build capability decision engine and scope envelope rules,1,0,0,0,0,weakly_grounded,Prompt file is currently empty; title-level grounding only.
par_181,phase2 track identity build request claim redemption and access grant supersession workflows,1,0,0,0,0,weakly_grounded,Prompt file is currently empty; title-level grounding only.
par_182,phase2 track identity build wrong patient identity repair signal freeze and release chain,1,0,0,0,0,weakly_grounded,Prompt file is currently empty; title-level grounding only.
par_183,phase2 track identity build optional pds adapter and feature flagged enrichment flow,1,0,0,0,0,weakly_grounded,Prompt file is currently empty; title-level grounding only.
par_184,phase2 track identity build signed in request ownership and patient ref derivation rules,1,0,0,0,0,weakly_grounded,Prompt file is currently empty; title-level grounding only.
par_185,phase2 track identity build authenticated portal projection and status access controls,1,0,0,0,0,weakly_grounded,Prompt file is currently empty; title-level grounding only.
par_186,phase2 track identity build audit and masking for identity events and claims,1,0,0,0,0,weakly_grounded,Prompt file is currently empty; title-level grounding only.
par_187,phase2 track telephony build telephony edge and webhook ingestion service,1,0,0,0,0,weakly_grounded,Prompt file is currently empty; title-level grounding only.
par_188,phase2 track telephony build call session state machine and menu selection capture,1,1,0,0,0,weakly_grounded,Prompt file is currently empty; title-level grounding only.
par_189,phase2 track telephony build caller verification and captured identifier pipeline,1,0,0,0,0,weakly_grounded,Prompt file is currently empty; title-level grounding only.
par_190,phase2 track telephony build recording fetch worker and audio quarantine storage,1,0,0,0,0,weakly_grounded,Prompt file is currently empty; title-level grounding only.
par_191,phase2 track telephony build transcript readiness fact extraction and evidence readiness assessments,1,0,0,0,0,weakly_grounded,Prompt file is currently empty; title-level grounding only.
par_192,phase2 track telephony build seeded vs challenge sms continuation access grants,1,0,0,0,0,weakly_grounded,Prompt file is currently empty; title-level grounding only.
par_193,phase2 track telephony build one pipeline convergence into canonical submission promotion,1,0,0,0,0,weakly_grounded,Prompt file is currently empty; title-level grounding only.
par_194,phase2 track telephony build duplicate attachment and resafety trigger handling for phone followups,1,0,0,0,0,weakly_grounded,Prompt file is currently empty; title-level grounding only.
par_195,phase2 track Playwright or other appropriate tooling frontend build real sign in callback and signed out recovery experience,1,0,1,0,0,weakly_grounded,Prompt file is currently empty; title-level grounding only.
par_196,phase2 track Playwright or other appropriate tooling frontend build authenticated patient home and status tracker uplift,1,0,1,0,0,weakly_grounded,Prompt file is currently empty; title-level grounding only.
par_197,phase2 track Playwright or other appropriate tooling frontend build request claim resume and identity hold postures,1,0,1,0,0,weakly_grounded,Prompt file is currently empty; title-level grounding only.
par_198,phase2 track Playwright or other appropriate tooling frontend build mobile sms continuation flow for callers,1,0,1,0,0,weakly_grounded,Prompt file is currently empty; title-level grounding only.
par_199,phase2 track Playwright or other appropriate tooling frontend build signed in request creation and saved context restore,1,0,1,0,0,weakly_grounded,Prompt file is currently empty; title-level grounding only.
par_200,phase2 track Playwright or other appropriate tooling frontend build contact claim visibility and preference separation ui,1,0,1,0,0,weakly_grounded,Prompt file is currently empty; title-level grounding only.
par_201,phase2 track Playwright or other appropriate tooling frontend build cross channel receipt and status parity surfaces,1,0,1,0,0,weakly_grounded,Prompt file is currently empty; title-level grounding only.
seq_202,phase2 use Playwright or other appropriate tooling browser automation to configure nhs login redirects scopes and test users,1,0,1,0,0,weakly_grounded,Prompt file is currently empty; title-level grounding only.
seq_203,phase2 use Playwright or other appropriate tooling browser automation to configure telephony sms and email webhook settings,1,0,1,0,0,weakly_grounded,Prompt file is currently empty; title-level grounding only.
seq_204,phase2 Playwright or other appropriate tooling testing run auth replay session expiry identity mismatch and logout suites,1,0,1,0,0,weakly_grounded,Prompt file is currently empty; title-level grounding only.
seq_205,phase2 Playwright or other appropriate tooling testing run ivr webhook audio integrity and continuation access grant suites,1,0,1,0,0,weakly_grounded,Prompt file is currently empty; title-level grounding only.
seq_206,phase2 Playwright or other appropriate tooling testing run wrong patient repair and web phone parity regression suites,1,0,1,0,0,weakly_grounded,Prompt file is currently empty; title-level grounding only.
seq_207,phase2 Playwright or other appropriate tooling testing run pds feature flag and duplicate followup resafety suites,1,0,1,0,0,weakly_grounded,Prompt file is currently empty; title-level grounding only.
seq_208,phase2 exit gate approve identity and echoes completion,1,0,0,1,0,weakly_grounded,Prompt file is currently empty; title-level grounding only.
seq_209,crosscutting open patient account and support surface tracks gate,29,29,0,29,0,weakly_grounded,Prompt file is currently empty; title-level grounding only.
par_210,crosscutting track backend build patient spotlight decision projection and quiet home logic,1,1,0,0,0,weakly_grounded,Prompt file is currently empty; title-level grounding only.
par_211,crosscutting track backend build request browsing detail and typed patient action routing projections,22,22,0,0,0,weakly_grounded,Prompt file is currently empty; title-level grounding only.
par_212,crosscutting track backend build more info response thread callback status and contact repair projections,1,0,0,0,0,weakly_grounded,Prompt file is currently empty; title-level grounding only.
par_213,crosscutting track backend build health record projection and record artifact parity witness,1,0,0,0,0,weakly_grounded,Prompt file is currently empty; title-level grounding only.
par_214,crosscutting track backend build communications timeline and message callback visibility rules,1,0,0,0,0,weakly_grounded,Prompt file is currently empty; title-level grounding only.
par_215,crosscutting track Playwright or other appropriate tooling frontend build patient home requests and request detail routes,70,70,39,0,0,weakly_grounded,Prompt file is currently empty; title-level grounding only.
par_216,crosscutting track Playwright or other appropriate tooling frontend build more info response callback status and contact repair views,96,96,24,0,0,weakly_grounded,Prompt file is currently empty; title-level grounding only.
par_217,crosscutting track Playwright or other appropriate tooling frontend build health record and communications timeline views,1,0,1,0,0,weakly_grounded,Prompt file is currently empty; title-level grounding only.
par_218,crosscutting track backend build support lineage binding ticket projection and subject history queries,24,24,0,0,0,weakly_grounded,Prompt file is currently empty; title-level grounding only.
par_219,crosscutting track backend build controlled resend delivery repair and support replay foundations,1,0,0,0,0,weakly_grounded,Prompt file is currently empty; title-level grounding only.
par_220,crosscutting track Playwright or other appropriate tooling frontend build staff start of day operations and support entry surfaces,377,377,0,0,0,weakly_grounded,Prompt file is currently empty; title-level grounding only.
par_221,crosscutting track Playwright or other appropriate tooling frontend build support workspace shell and omnichannel ticket views,109,109,3,0,0,weakly_grounded,Prompt file is currently empty; title-level grounding only.
par_222,crosscutting track Playwright or other appropriate tooling frontend build support masking read only fallback and contextual playbook panels,1,0,1,0,0,weakly_grounded,Prompt file is currently empty; title-level grounding only.
seq_223,crosscutting merge Playwright or other appropriate tooling integrate patient account and support surfaces with phase2 identity and status models,205,205,0,85,0,weakly_grounded,Prompt file is currently empty; title-level grounding only.
seq_224,crosscutting Playwright or other appropriate tooling testing run patient account support and record artifact continuity suites,1,0,1,0,0,weakly_grounded,Prompt file is currently empty; title-level grounding only.
seq_225,crosscutting exit gate approve portal and support baseline completion,10,10,0,0,0,weakly_grounded,Prompt file is currently empty; title-level grounding only.
seq_226,phase3 freeze triage contract workspace state model and review session rules,25,25,0,0,0,weakly_grounded,Prompt file is currently empty; title-level grounding only.
seq_227,phase3 freeze queue ranking fairness duplicate cluster and more info contracts,1,0,0,0,0,weakly_grounded,Prompt file is currently empty; title-level grounding only.
seq_228,phase3 freeze endpoint decision approval and escalation contracts,1,0,0,0,0,weakly_grounded,Prompt file is currently empty; title-level grounding only.
seq_229,phase3 freeze callback clinician messaging and admin resolution boundaries,1,0,0,0,0,weakly_grounded,Prompt file is currently empty; title-level grounding only.
seq_230,phase3 open parallel triage callback and resolution tracks gate,1,0,0,1,0,weakly_grounded,Prompt file is currently empty; title-level grounding only.
par_231,phase3 track backend build triage task state machine and lease fencing,6,6,0,0,0,weakly_grounded,Prompt file is currently empty; title-level grounding only.
par_232,phase3 track backend build workspace consistency projection and workspace trust envelope,2,2,0,0,0,weakly_grounded,Prompt file is currently empty; title-level grounding only.
par_233,phase3 track backend build deterministic queue engine queue rank snapshots and assignment suggestions,1,0,0,0,0,weakly_grounded,Prompt file is currently empty; title-level grounding only.
par_234,phase3 track backend build duplicate pair evidence duplicate review snapshot and resolution decisions,9,9,0,0,6,weakly_grounded,Prompt file is currently empty; title-level grounding only.
par_235,phase3 track backend build review bundle assembler deterministic summaries and suggestion seam,1,0,0,0,0,weakly_grounded,Prompt file is currently empty; title-level grounding only.
par_236,phase3 track backend build more info cycle reply window checkpoint and reminder scheduler,1,0,0,0,0,weakly_grounded,Prompt file is currently empty; title-level grounding only.
par_237,phase3 track backend build response assimilation material delta assessment and canonical resafety,1,0,0,0,0,weakly_grounded,Prompt file is currently empty; title-level grounding only.
par_238,phase3 track backend build endpoint decision engine decision epoch and route fence,1,0,0,0,0,weakly_grounded,Prompt file is currently empty; title-level grounding only.
par_239,phase3 track backend build human approval checkpoint and urgent escalation path,1,0,0,0,0,weakly_grounded,Prompt file is currently empty; title-level grounding only.
par_240,phase3 track backend build direct resolution and downstream handoff seed generation,1,0,0,0,0,weakly_grounded,Prompt file is currently empty; title-level grounding only.
par_241,phase3 track backend build reopen mechanics stale owner recovery and next task launch leases,1,0,0,0,0,weakly_grounded,Prompt file is currently empty; title-level grounding only.
par_242,phase3 track backend build task completion settlement and workspace continuity evidence projection,5,5,0,0,5,weakly_grounded,Prompt file is currently empty; title-level grounding only.
par_243,phase3 track backend build callback case state machine attempt windows and voicemail policy,1,0,0,0,0,weakly_grounded,Prompt file is currently empty; title-level grounding only.
par_244,phase3 track backend build clinician message thread state machine and delivery settlement chain,1,0,0,0,0,weakly_grounded,Prompt file is currently empty; title-level grounding only.
par_245,phase3 track backend build reachability repair bounce handling and controlled resend logic,1,0,0,0,0,weakly_grounded,Prompt file is currently empty; title-level grounding only.
par_246,phase3 track backend build patient conversation digest and shared staff rules,1,0,0,0,0,weakly_grounded,Prompt file is currently empty; title-level grounding only.
par_247,phase3 track backend build callback message visibility and patient threading projections,1,0,0,0,0,weakly_grounded,Prompt file is currently empty; title-level grounding only.
par_248,phase3 track backend build support handoff and resolution linkage for callback and message failures,9,9,0,0,0,weakly_grounded,Prompt file is currently empty; title-level grounding only.
par_249,phase3 track backend build self care boundary decision and advice eligibility grants,1,0,0,0,0,weakly_grounded,Prompt file is currently empty; title-level grounding only.
par_250,phase3 track backend build advice render settlement and content approval binding,1,0,0,0,0,weakly_grounded,Prompt file is currently empty; title-level grounding only.
par_251,phase3 track backend build admin resolution case profiles waiting reason and completion artifact policies,1,0,0,0,0,weakly_grounded,Prompt file is currently empty; title-level grounding only.
par_252,phase3 track backend build advice admin dependency sets and reopen trigger evaluation,1,0,0,0,0,weakly_grounded,Prompt file is currently empty; title-level grounding only.
par_253,phase3 track backend build self care outcome analytics and patient expectation templates,1,0,0,0,0,weakly_grounded,Prompt file is currently empty; title-level grounding only.
par_254,phase3 track backend build admin resolution settlement and cross domain reentry rules,1,0,0,0,0,weakly_grounded,Prompt file is currently empty; title-level grounding only.
par_255,phase3 track Playwright or other appropriate tooling frontend build workspace home queue and task route family,1,0,1,0,0,weakly_grounded,Prompt file is currently empty; title-level grounding only.
par_256,phase3 track Playwright or other appropriate tooling frontend build queue workboard preview pocket and selected anchor preservation,1,0,1,0,0,weakly_grounded,Prompt file is currently empty; title-level grounding only.
par_257,phase3 track Playwright or other appropriate tooling frontend build active task shell case pulse and decision dock,1,0,1,0,0,weakly_grounded,Prompt file is currently empty; title-level grounding only.
par_258,phase3 track Playwright or other appropriate tooling frontend build rapid entry notes more info and endpoint reasoning layer,1,0,1,0,0,weakly_grounded,Prompt file is currently empty; title-level grounding only.
par_259,phase3 track Playwright or other appropriate tooling frontend build attachment viewer and patient response thread,3,3,2,0,0,weakly_grounded,Prompt file is currently empty; title-level grounding only.
par_260,phase3 track Playwright or other appropriate tooling frontend build approval inbox and escalation surfaces,1,0,1,0,0,weakly_grounded,Prompt file is currently empty; title-level grounding only.
par_261,phase3 track Playwright or other appropriate tooling frontend build changed since seen and review resumed recovery flow,1,0,1,0,0,weakly_grounded,Prompt file is currently empty; title-level grounding only.
par_262,phase3 track Playwright or other appropriate tooling frontend build workspace focus protection buffered queue change and next task posture,1,0,1,0,0,weakly_grounded,Prompt file is currently empty; title-level grounding only.
par_263,phase3 track Playwright or other appropriate tooling frontend build callback management views and attempt outcome capture,1,0,1,0,0,weakly_grounded,Prompt file is currently empty; title-level grounding only.
par_264,phase3 track Playwright or other appropriate tooling frontend build clinician messaging thread and delivery repair views,1,0,1,0,0,weakly_grounded,Prompt file is currently empty; title-level grounding only.
par_265,phase3 track Playwright or other appropriate tooling frontend build self care advice issue and admin resolution views,1,0,1,0,0,weakly_grounded,Prompt file is currently empty; title-level grounding only.
par_266,phase3 track Playwright or other appropriate tooling frontend build patient conversation surface for more info callback and message updates,1,0,1,0,0,weakly_grounded,Prompt file is currently empty; title-level grounding only.
par_267,phase3 track Playwright or other appropriate tooling frontend build support desk replay and linked context views for triage failures,1,0,1,0,0,weakly_grounded,Prompt file is currently empty; title-level grounding only.
par_268,phase3 track Playwright or other appropriate tooling frontend build accessibility and ergonomic refinements for clinical workspace,1,0,1,0,0,weakly_grounded,Prompt file is currently empty; title-level grounding only.
par_269,phase3 track Playwright or other appropriate tooling frontend build metrics and validation hooks for workspace and support flows,86,86,86,0,0,weakly_grounded,Prompt file is currently empty; title-level grounding only.
seq_270,phase3 merge integrate triage queue callback and self care admin resolution services,53,53,0,53,0,weakly_grounded,Prompt file is currently empty; title-level grounding only.
seq_271,phase3 merge Playwright or other appropriate tooling integrate patient portal more info and thread surfaces with workspace actions,17,17,4,17,0,weakly_grounded,Prompt file is currently empty; title-level grounding only.
seq_272,phase3 Playwright or other appropriate tooling testing run queue fairness duplicate clustering and stale owner recovery suites,1,0,1,0,0,weakly_grounded,Prompt file is currently empty; title-level grounding only.
seq_273,phase3 Playwright or other appropriate tooling testing run more info resafety endpoint decision and approval suites,1,0,1,0,0,weakly_grounded,Prompt file is currently empty; title-level grounding only.
seq_274,phase3 Playwright or other appropriate tooling testing run callback message delivery and reachability repair suites,1,0,1,0,0,weakly_grounded,Prompt file is currently empty; title-level grounding only.
seq_275,phase3 Playwright or other appropriate tooling testing run self care admin resolution and reopen regression suites,1,0,1,0,0,weakly_grounded,Prompt file is currently empty; title-level grounding only.
seq_276,phase3 Playwright or other appropriate tooling testing run workspace accessibility performance and multi user read only suites,1,0,1,0,0,weakly_grounded,Prompt file is currently empty; title-level grounding only.
seq_277,phase3 exit gate approve human checkpoint completion,44,44,0,0,0,weakly_grounded,Prompt file is currently empty; title-level grounding only.
seq_278,phase4 freeze booking contract case model and state machine,1,0,0,0,0,weakly_grounded,Prompt file is currently empty; title-level grounding only.
seq_279,phase4 freeze provider capability matrix adapter profiles and confirmation gates,107,107,0,0,0,weakly_grounded,Prompt file is currently empty; title-level grounding only.
seq_280,phase4 freeze slot snapshot offer scoring commit and management contracts,1,0,0,0,0,weakly_grounded,Prompt file is currently empty; title-level grounding only.
seq_281,phase4 open parallel local booking tracks gate,118,118,0,118,0,weakly_grounded,Prompt file is currently empty; title-level grounding only.
par_282,phase4 track backend build booking case state machine and booking intent records,1,0,0,0,0,weakly_grounded,Prompt file is currently empty; title-level grounding only.
par_283,phase4 track backend build provider capability matrix and adapter binding compiler,1,0,0,0,0,weakly_grounded,Prompt file is currently empty; title-level grounding only.
par_284,phase4 track backend build slot search normalization and availability snapshot pipeline,1,0,0,0,0,weakly_grounded,Prompt file is currently empty; title-level grounding only.
par_285,phase4 track backend build slot scoring offer orchestration and selection rules,1,0,0,0,0,weakly_grounded,Prompt file is currently empty; title-level grounding only.
par_286,phase4 track backend build reservation authority soft hold and real hold flows,1,0,0,0,0,weakly_grounded,Prompt file is currently empty; title-level grounding only.
par_287,phase4 track backend build commit path revalidation booking record and compensation logic,1,0,0,0,0,weakly_grounded,Prompt file is currently empty; title-level grounding only.
par_288,phase4 track backend build appointment management cancel reschedule and detail update commands,1,0,0,0,0,weakly_grounded,Prompt file is currently empty; title-level grounding only.
par_289,phase4 track backend build reminder scheduler and notification settlement for appointments,1,0,0,0,0,weakly_grounded,Prompt file is currently empty; title-level grounding only.
par_290,phase4 track backend build smart waitlist transactional autofill and deadline logic,1,0,0,0,0,weakly_grounded,Prompt file is currently empty; title-level grounding only.
par_291,phase4 track backend build staff assisted booking exception queue and handoff panel api,3,3,0,0,0,weakly_grounded,Prompt file is currently empty; title-level grounding only.
par_292,phase4 track backend build booking reconciliation and external confirmation dispute worker,7,7,0,0,0,weakly_grounded,Prompt file is currently empty; title-level grounding only.
par_293,phase4 track Playwright or other appropriate tooling frontend build patient appointment scheduling workspace,130,130,111,0,0,weakly_grounded,Prompt file is currently empty; title-level grounding only.
par_294,phase4 track Playwright or other appropriate tooling frontend build slot search results and availability freshness states,13,13,13,0,0,weakly_grounded,Prompt file is currently empty; title-level grounding only.
par_295,phase4 track Playwright or other appropriate tooling frontend build offer selection flow with truthful hold posture,1,0,1,0,0,weakly_grounded,Prompt file is currently empty; title-level grounding only.
par_296,phase4 track Playwright or other appropriate tooling frontend build confirmation pending disputed and recovery states,1,0,1,0,0,weakly_grounded,Prompt file is currently empty; title-level grounding only.
par_297,phase4 track Playwright or other appropriate tooling frontend build appointment detail cancel reschedule and reminder views,1,0,1,0,0,weakly_grounded,Prompt file is currently empty; title-level grounding only.
par_298,phase4 track Playwright or other appropriate tooling frontend build waitlist enrolment management and offer acceptance views,1,0,1,0,0,weakly_grounded,Prompt file is currently empty; title-level grounding only.
par_299,phase4 track Playwright or other appropriate tooling frontend build staff booking handoff panel and assisted booking views,1,0,1,0,0,weakly_grounded,Prompt file is currently empty; title-level grounding only.
par_300,phase4 track Playwright or other appropriate tooling frontend build record origin continuation and booking entry surfaces,1,0,1,0,0,weakly_grounded,Prompt file is currently empty; title-level grounding only.
par_301,phase4 track Playwright or other appropriate tooling frontend build patient action recovery envelopes for booking failures,9,9,0,0,0,weakly_grounded,Prompt file is currently empty; title-level grounding only.
par_302,phase4 track Playwright or other appropriate tooling frontend build mobile responsive booking and manage flows,8,8,5,0,0,weakly_grounded,Prompt file is currently empty; title-level grounding only.
par_303,phase4 track Playwright or other appropriate tooling frontend build accessibility and artifact parity for booking documents,1,0,1,0,0,weakly_grounded,Prompt file is currently empty; title-level grounding only.
seq_304,phase4 use Playwright or other appropriate tooling browser automation to configure booking provider sandboxes and callback endpoints,17,17,0,0,0,weakly_grounded,Prompt file is currently empty; title-level grounding only.
seq_305,phase4 use Playwright or other appropriate tooling browser automation to capture booking provider capability evidence and test credentials,9,9,0,0,9,weakly_grounded,Prompt file is currently empty; title-level grounding only.
seq_306,phase4 merge Playwright or other appropriate tooling integrate local booking with triage portal and notification workflows,16,16,3,16,0,weakly_grounded,Prompt file is currently empty; title-level grounding only.
seq_307,phase4 Playwright or other appropriate tooling testing run capability matrix slot snapshot hold commit and compensation suites,1,0,1,0,0,weakly_grounded,Prompt file is currently empty; title-level grounding only.
seq_308,phase4 Playwright or other appropriate tooling testing run manage waitlist assisted booking and reconciliation suites,1,0,1,0,0,weakly_grounded,Prompt file is currently empty; title-level grounding only.
seq_309,phase4 Playwright or other appropriate tooling testing run patient staff booking end to end accessibility and load suites,19,19,0,0,0,weakly_grounded,Prompt file is currently empty; title-level grounding only.
seq_310,phase4 exit gate approve booking engine completion,103,103,0,0,0,weakly_grounded,Prompt file is currently empty; title-level grounding only.
seq_311,phase5 freeze network coordination contract org boundaries and acting context rules,1,0,0,0,0,weakly_grounded,Prompt file is currently empty; title-level grounding only.
seq_312,phase5 freeze enhanced access policy capacity ingestion and candidate ranking contracts,1,0,0,0,0,weakly_grounded,Prompt file is currently empty; title-level grounding only.
seq_313,phase5 freeze cross org booking commit and practice visibility contracts,1,0,0,0,0,weakly_grounded,Prompt file is currently empty; title-level grounding only.
seq_314,phase5 open parallel network tracks gate,103,100,0,103,0,weakly_grounded,Prompt file is currently empty; title-level grounding only.
par_315,phase5 track backend build network coordination case state machine and lineage links,1,0,0,0,0,weakly_grounded,Prompt file is currently empty; title-level grounding only.
par_316,phase5 track backend build staff identity org boundary and acting context resolution,9,9,0,0,0,weakly_grounded,Prompt file is currently empty; title-level grounding only.
par_317,phase5 track backend build enhanced access policy engine and versioned policy packs,1,0,0,0,0,weakly_grounded,Prompt file is currently empty; title-level grounding only.
par_318,phase5 track backend build network capacity ingestion and freshness assessment pipeline,1,0,0,0,0,weakly_grounded,Prompt file is currently empty; title-level grounding only.
par_319,phase5 track backend build coordination queue candidate ranking and sla breach risk engine,2,2,0,0,0,weakly_grounded,Prompt file is currently empty; title-level grounding only.
par_320,phase5 track backend build alternative offer generation patient choice and expiry rules,90,90,0,0,0,weakly_grounded,Prompt file is currently empty; title-level grounding only.
par_321,phase5 track backend build native hub booking commit and practice continuity messaging,10,10,0,0,0,weakly_grounded,Prompt file is currently empty; title-level grounding only.
par_322,phase5 track backend build cross org message and mesh dispatch settlement chain,101,101,0,0,0,weakly_grounded,Prompt file is currently empty; title-level grounding only.
par_323,phase5 track backend build no slot urgent bounce back callback fallback and reopen workflows,2,2,0,0,0,weakly_grounded,Prompt file is currently empty; title-level grounding only.
par_324,phase5 track backend build network reminders manage flows and practice visibility projections,6,6,0,0,0,weakly_grounded,Prompt file is currently empty; title-level grounding only.
par_325,phase5 track backend build hub supplier mirror commit reconciler and exception worker,5,5,0,0,0,weakly_grounded,Prompt file is currently empty; title-level grounding only.
par_326,phase5 track Playwright or other appropriate tooling frontend build hub desk shell and start of day views,110,110,88,0,0,weakly_grounded,Prompt file is currently empty; title-level grounding only.
par_327,phase5 track Playwright or other appropriate tooling frontend build coordination queue candidate ranking and sla visualization,24,24,20,0,0,weakly_grounded,Prompt file is currently empty; title-level grounding only.
par_328,phase5 track Playwright or other appropriate tooling frontend build patient network alternatives choice and callback fallback views,4,4,4,0,0,weakly_grounded,Prompt file is currently empty; title-level grounding only.
par_329,phase5 track Playwright or other appropriate tooling frontend build cross org commit confirmation and practice visibility surfaces,1,0,1,0,0,weakly_grounded,Prompt file is currently empty; title-level grounding only.
par_330,phase5 track Playwright or other appropriate tooling frontend build network reminders manage flows and message timeline views,6,6,0,0,0,weakly_grounded,Prompt file is currently empty; title-level grounding only.
par_331,phase5 track Playwright or other appropriate tooling frontend build no slot reopen and urgent bounce back recovery views,9,9,8,0,0,weakly_grounded,Prompt file is currently empty; title-level grounding only.
par_332,phase5 track Playwright or other appropriate tooling frontend build org aware access controls and acting context switcher,1,0,1,0,0,weakly_grounded,Prompt file is currently empty; title-level grounding only.
par_333,phase5 track Playwright or other appropriate tooling frontend build mobile and narrow screen hub workflows,1,0,1,0,0,weakly_grounded,Prompt file is currently empty; title-level grounding only.
par_334,phase5 track Playwright or other appropriate tooling frontend build cross org accessibility content and artifact handoff refinements,1,0,1,0,0,weakly_grounded,Prompt file is currently empty; title-level grounding only.
seq_335,phase5 use Playwright or other appropriate tooling browser automation to configure mesh mailboxes and cross org message routes,10,10,0,0,0,weakly_grounded,Prompt file is currently empty; title-level grounding only.
seq_336,phase5 use Playwright or other appropriate tooling browser automation to configure network capacity feeds and partner credentials,1,0,1,0,0,weakly_grounded,Prompt file is currently empty; title-level grounding only.
seq_337,phase5 merge Playwright or other appropriate tooling integrate network coordination with local booking and patient portal manage flows,25,25,1,24,0,weakly_grounded,Prompt file is currently empty; title-level grounding only.
seq_338,phase5 Playwright or other appropriate tooling testing run org boundary capacity ingestion candidate ranking and sla suites,1,0,1,0,0,weakly_grounded,Prompt file is currently empty; title-level grounding only.
seq_339,phase5 Playwright or other appropriate tooling testing run hub commit mesh dispatch no slot and reopen suites,1,0,1,0,0,weakly_grounded,Prompt file is currently empty; title-level grounding only.
seq_340,phase5 Playwright or other appropriate tooling testing run patient choice cross org visibility and responsive regression suites,1,0,1,0,0,weakly_grounded,Prompt file is currently empty; title-level grounding only.
seq_341,phase5 exit gate approve network horizon completion,1,0,0,1,0,weakly_grounded,Prompt file is currently empty; title-level grounding only.
seq_342,phase6 freeze pharmacy case model eligibility and policy pack contracts,1,0,0,0,0,weakly_grounded,Prompt file is currently empty; title-level grounding only.
seq_343,phase6 freeze directory discovery referral dispatch and outcome reconciliation contracts,1,0,0,0,0,weakly_grounded,Prompt file is currently empty; title-level grounding only.
seq_344,phase6 freeze bounce back urgent return and practice visibility contracts,1,0,0,0,0,weakly_grounded,Prompt file is currently empty; title-level grounding only.
seq_345,phase6 open parallel pharmacy tracks gate,1,0,0,1,0,weakly_grounded,Prompt file is currently empty; title-level grounding only.
par_346,phase6 track backend build pharmacy case state machine and lineage linkage,109,108,0,0,0,weakly_grounded,Prompt file is currently empty; title-level grounding only.
par_347,phase6 track backend build eligibility engine pathway rules and versioned policy pack compiler,1,0,0,0,0,weakly_grounded,Prompt file is currently empty; title-level grounding only.
par_348,phase6 track backend build pharmacy directory abstraction and provider choice pipeline,106,106,0,0,0,weakly_grounded,Prompt file is currently empty; title-level grounding only.
par_349,phase6 track backend build referral pack composer and content governance binding,9,9,0,0,8,weakly_grounded,Prompt file is currently empty; title-level grounding only.
par_350,phase6 track backend build dispatch adapter transport contract and retry expiry logic,1,0,0,0,0,weakly_grounded,Prompt file is currently empty; title-level grounding only.
par_351,phase6 track backend build patient instruction generation and referral status projections,1,0,0,0,0,weakly_grounded,Prompt file is currently empty; title-level grounding only.
par_352,phase6 track backend build pharmacy outcome ingest update record observation and reconciliation pipeline,1,0,0,0,0,weakly_grounded,Prompt file is currently empty; title-level grounding only.
par_353,phase6 track backend build bounce back urgent return and reopen mechanics,1,0,0,0,0,weakly_grounded,Prompt file is currently empty; title-level grounding only.
par_354,phase6 track backend build practice visibility operations queue and exception handling views api,7,7,0,0,0,weakly_grounded,Prompt file is currently empty; title-level grounding only.
par_355,phase6 track backend build pharmacy console support region and stock truth api,20,20,0,0,0,weakly_grounded,Prompt file is currently empty; title-level grounding only.
par_356,phase6 track backend build referral dispatch monitoring and dependency degradation profiles,1,1,0,0,0,weakly_grounded,Prompt file is currently empty; title-level grounding only.
par_357,phase6 track Playwright or other appropriate tooling frontend build pharmacy console queue spine and validation board,6,6,0,0,0,weakly_grounded,Prompt file is currently empty; title-level grounding only.
par_358,phase6 track Playwright or other appropriate tooling frontend build provider choice directory and patient instruction views,9,9,0,0,0,weakly_grounded,Prompt file is currently empty; title-level grounding only.
par_359,phase6 track Playwright or other appropriate tooling frontend build referral status tracking and patient visibility surfaces,1,0,1,0,0,weakly_grounded,Prompt file is currently empty; title-level grounding only.
par_360,phase6 track Playwright or other appropriate tooling frontend build inventory truth support regions and supply delta posture,1,0,1,0,0,weakly_grounded,Prompt file is currently empty; title-level grounding only.
par_361,phase6 track Playwright or other appropriate tooling frontend build bounce back urgent return and exception handling views,1,0,1,0,0,weakly_grounded,Prompt file is currently empty; title-level grounding only.
par_362,phase6 track Playwright or other appropriate tooling frontend build practice visibility and operations queue surfaces,7,7,6,0,0,weakly_grounded,Prompt file is currently empty; title-level grounding only.
par_363,phase6 track Playwright or other appropriate tooling frontend build pharmacy safety signals override paths and settlement visibility,10,10,6,0,0,weakly_grounded,Prompt file is currently empty; title-level grounding only.
par_364,phase6 track Playwright or other appropriate tooling frontend build narrow screen and recovery postures for pharmacy console,1,0,1,0,0,weakly_grounded,Prompt file is currently empty; title-level grounding only.
par_365,phase6 track Playwright or other appropriate tooling frontend build accessibility and micro interaction refinements for pharmacy flows,1,0,1,0,0,weakly_grounded,Prompt file is currently empty; title-level grounding only.
seq_366,phase6 use Playwright or other appropriate tooling browser automation to configure pharmacy directory and dispatch provider credentials,1,1,0,0,0,weakly_grounded,Prompt file is currently empty; title-level grounding only.
seq_367,phase6 use Playwright or other appropriate tooling browser automation to request update record and referral transport sandboxes,2,2,1,0,0,weakly_grounded,Prompt file is currently empty; title-level grounding only.
seq_368,phase6 merge Playwright or other appropriate tooling integrate pharmacy loop with triage portal operations and notification workflows,130,130,2,130,0,weakly_grounded,Prompt file is currently empty; title-level grounding only.
seq_369,phase6 Playwright or other appropriate tooling testing run eligibility directory dispatch and outcome reconciliation suites,1,0,1,0,0,weakly_grounded,Prompt file is currently empty; title-level grounding only.
seq_370,phase6 Playwright or other appropriate tooling testing run bounce back urgent return practice visibility and exception suites,115,115,115,0,0,weakly_grounded,Prompt file is currently empty; title-level grounding only.
seq_371,phase6 Playwright or other appropriate tooling testing run pharmacy console patient status and responsive accessibility suites,1,0,1,0,0,weakly_grounded,Prompt file is currently empty; title-level grounding only.
seq_372,phase6 exit gate approve pharmacy loop completion,123,123,0,0,0,weakly_grounded,Prompt file is currently empty; title-level grounding only.
seq_373,post phase6 open deferred nhs app and parallel assistive assurance tracks gate,1,0,0,1,0,weakly_grounded,Prompt file is currently empty; title-level grounding only.
par_374,phase7 track gate freeze nhs app journey inventory manifest and onboarding pack,88,88,0,88,0,weakly_grounded,Prompt file is currently empty; title-level grounding only.
par_375,phase7 track gate freeze embedded context sso bridge and navigation behavior contracts,1,0,0,1,0,weakly_grounded,Prompt file is currently empty; title-level grounding only.
par_376,phase7 track gate freeze webview file handling accessibility and release guardrails,1,0,0,1,0,weakly_grounded,Prompt file is currently empty; title-level grounding only.
par_377,phase7 track backend build nhs app integration manifest and jump off mapping service,1,0,0,0,0,weakly_grounded,Prompt file is currently empty; title-level grounding only.
par_378,phase7 track backend build embedded context resolver and trusted embedded session projection,23,23,0,0,0,weakly_grounded,Prompt file is currently empty; title-level grounding only.
par_379,phase7 track backend build nhs app sso bridge and identity assertion binding flow,7,7,0,0,0,weakly_grounded,Prompt file is currently empty; title-level grounding only.
par_380,phase7 track backend build deep link site link and return to journey resolution service,1,0,0,0,0,weakly_grounded,Prompt file is currently empty; title-level grounding only.
par_381,phase7 track backend build nhs app bridge api wrapper and capability matrix service,1,0,0,0,0,weakly_grounded,Prompt file is currently empty; title-level grounding only.
par_382,phase7 track backend build embedded file handling download artifact and outbound navigation controls,1,0,0,0,0,weakly_grounded,Prompt file is currently empty; title-level grounding only.
par_383,phase7 track backend build nhs app continuity evidence bundle and manifest promotion checks,4,4,0,0,0,weakly_grounded,Prompt file is currently empty; title-level grounding only.
par_384,phase7 track backend build webview limitation recovery copy and partial visibility placeholders,1,0,0,0,0,weakly_grounded,Prompt file is currently empty; title-level grounding only.
par_385,phase7 track backend build sandpit aos scal delivery pipeline and channel release freeze checks,1,0,0,0,0,weakly_grounded,Prompt file is currently empty; title-level grounding only.
par_386,phase7 track Playwright or other appropriate tooling frontend build embedded shell split and header suppression behaviors,84,84,84,0,0,weakly_grounded,Prompt file is currently empty; title-level grounding only.
par_387,phase7 track Playwright or other appropriate tooling frontend build context aware navigation back override and return postures,1,0,1,0,0,weakly_grounded,Prompt file is currently empty; title-level grounding only.
par_388,phase7 track Playwright or other appropriate tooling frontend build nhs app sign in bootstrap and loading experience,6,6,6,0,0,weakly_grounded,Prompt file is currently empty; title-level grounding only.
par_389,phase7 track Playwright or other appropriate tooling frontend build embedded journey entry resume and deep link surfaces,1,0,1,0,0,weakly_grounded,Prompt file is currently empty; title-level grounding only.
par_390,phase7 track Playwright or other appropriate tooling frontend build bridge wrappers for navigation calendar download and external browser handoffs,1,0,1,0,0,weakly_grounded,Prompt file is currently empty; title-level grounding only.
par_391,phase7 track Playwright or other appropriate tooling frontend build webview safe file upload download and error recovery surfaces,1,0,1,0,0,weakly_grounded,Prompt file is currently empty; title-level grounding only.
par_392,phase7 track Playwright or other appropriate tooling frontend build embedded accessibility design system and mobile spacing refinements,1,0,1,0,0,weakly_grounded,Prompt file is currently empty; title-level grounding only.
par_393,phase7 track Playwright or other appropriate tooling frontend build internal embedded preview mode for design and qa,1,0,1,0,0,weakly_grounded,Prompt file is currently empty; title-level grounding only.
par_394,phase7 use Playwright or other appropriate tooling browser automation to configure nhs app sandpit manifest entries,1,0,1,0,0,weakly_grounded,Prompt file is currently empty; title-level grounding only.
par_395,phase7 use Playwright or other appropriate tooling browser automation to register site links asset associations and test routes,1,0,1,0,0,weakly_grounded,Prompt file is currently empty; title-level grounding only.
par_396,phase7 use Playwright or other appropriate tooling browser automation to validate nhs app js api capabilities in supported environments,1,0,1,0,0,weakly_grounded,Prompt file is currently empty; title-level grounding only.
par_397,phase7 merge Playwright or other appropriate tooling integrate embedded channel with existing patient portal identity and record routes,21,21,8,13,0,weakly_grounded,Prompt file is currently empty; title-level grounding only.
par_398,phase7 Playwright or other appropriate tooling testing run manifest context resolver and sso bridge suites,1,0,1,0,0,weakly_grounded,Prompt file is currently empty; title-level grounding only.
par_399,phase7 Playwright or other appropriate tooling testing run deep link bridge api webview file handling and accessibility suites,1,0,1,0,0,weakly_grounded,Prompt file is currently empty; title-level grounding only.
par_400,phase7 Playwright or other appropriate tooling testing run sandpit aos scal and limited release regression suites,1,0,1,0,0,weakly_grounded,Prompt file is currently empty; title-level grounding only.
par_401,phase7 track exit document deferred channel readiness and rollout dependencies,43,43,0,0,0,weakly_grounded,Prompt file is currently empty; title-level grounding only.
par_402,phase7 exit gate approve nhs app channel completion,1,0,0,1,0,weakly_grounded,Prompt file is currently empty; title-level grounding only.
par_403,phase8 track gate freeze assistive capability boundaries policy envelope and human control rules,5,5,0,5,0,weakly_grounded,Prompt file is currently empty; title-level grounding only.
par_404,phase8 track gate freeze evaluation corpus shadow mode and feedback eligibility contracts,1,0,0,1,0,weakly_grounded,Prompt file is currently empty; title-level grounding only.
par_405,phase8 track gate freeze release candidate safety case and regulatory change control rules,16,16,0,16,3,weakly_grounded,Prompt file is currently empty; title-level grounding only.
par_406,phase8 track backend build evaluation corpus label store replay harness and shadow dataset,1,0,0,0,0,weakly_grounded,Prompt file is currently empty; title-level grounding only.
par_407,phase8 track backend build audio transcript and artifact normalization pipeline,1,1,0,0,0,weakly_grounded,Prompt file is currently empty; title-level grounding only.
par_408,phase8 track backend build summary note draft and structured documentation composer,1,0,0,0,0,weakly_grounded,Prompt file is currently empty; title-level grounding only.
par_409,phase8 track backend build risk extraction question suggestions and endpoint recommendation orchestrator,1,0,0,0,0,weakly_grounded,Prompt file is currently empty; title-level grounding only.
par_410,phase8 track backend build invocation eligibility capability composition and kill switch service,1,0,0,0,0,weakly_grounded,Prompt file is currently empty; title-level grounding only.
par_411,phase8 track backend build assistive surface binding and trust envelope projection,9,9,0,0,0,weakly_grounded,Prompt file is currently empty; title-level grounding only.
par_412,phase8 track backend build assistive work protection and suggestion draft insertion leases,1,0,0,0,0,weakly_grounded,Prompt file is currently empty; title-level grounding only.
par_413,phase8 track backend build override record feedback chain and final human artifact linkage,1,0,0,0,0,weakly_grounded,Prompt file is currently empty; title-level grounding only.
par_414,phase8 track backend build replayable inference logs prompt snapshot storage and trainability flags,1,0,0,0,0,weakly_grounded,Prompt file is currently empty; title-level grounding only.
par_415,phase8 track backend build drift fairness and degraded trust monitoring pipeline,1,0,0,0,0,weakly_grounded,Prompt file is currently empty; title-level grounding only.
par_416,phase8 track backend build assistive freeze disposition and policy freshness invalidations,1,0,0,0,0,weakly_grounded,Prompt file is currently empty; title-level grounding only.
par_417,phase8 track backend build dtac dcb safety rfc and change control evidence pipeline,5,5,0,0,0,weakly_grounded,Prompt file is currently empty; title-level grounding only.
par_418,phase8 track Playwright or other appropriate tooling frontend build assistive side panel and shadow mode presentation,28,28,28,0,0,weakly_grounded,Prompt file is currently empty; title-level grounding only.
par_419,phase8 track Playwright or other appropriate tooling frontend build diffable note draft and bounded insert controls,14,13,0,0,0,weakly_grounded,Prompt file is currently empty; title-level grounding only.
par_420,phase8 track Playwright or other appropriate tooling frontend build confidence rationale and provenance visibility components,118,118,0,0,0,weakly_grounded,Prompt file is currently empty; title-level grounding only.
par_421,phase8 track Playwright or other appropriate tooling frontend build override reason capture and edited by clinician trail,7,7,0,0,0,weakly_grounded,Prompt file is currently empty; title-level grounding only.
par_422,phase8 track Playwright or other appropriate tooling frontend build shadow degraded quarantined frozen and blocked postures,1,0,1,0,0,weakly_grounded,Prompt file is currently empty; title-level grounding only.
par_423,phase8 track Playwright or other appropriate tooling frontend build stale session freeze and regenerate in place recovery,28,28,0,0,0,weakly_grounded,Prompt file is currently empty; title-level grounding only.
par_424,phase8 track Playwright or other appropriate tooling frontend build same shell assistive stage integration with workspace,6,6,1,0,0,weakly_grounded,Prompt file is currently empty; title-level grounding only.
par_425,phase8 use Playwright or other appropriate tooling browser automation to provision model vendor projects and api keys,15,6,0,0,0,weakly_grounded,Prompt file is currently empty; title-level grounding only.
par_426,phase8 use Playwright or other appropriate tooling browser automation to configure model audit logs and safety settings,8,8,3,0,3,weakly_grounded,Prompt file is currently empty; title-level grounding only.
par_427,phase8 merge Playwright or other appropriate tooling integrate assistive layer with workspace queue and assurance streams,35,35,10,30,3,weakly_grounded,Prompt file is currently empty; title-level grounding only.
par_428,phase8 Playwright or other appropriate tooling testing run offline eval hallucination and red flag regression suites,5,5,0,0,0,weakly_grounded,Prompt file is currently empty; title-level grounding only.
par_429,phase8 Playwright or other appropriate tooling testing run invocation kill switch surface visibility and draft insertion suites,1,0,1,0,0,weakly_grounded,Prompt file is currently empty; title-level grounding only.
par_430,phase8 Playwright or other appropriate tooling testing run trust envelope feedback chain and visible rollout suites,102,93,100,0,0,weakly_grounded,Prompt file is currently empty; title-level grounding only.
par_431,phase8 exit gate approve assistive layer completion,1,0,0,1,0,weakly_grounded,Prompt file is currently empty; title-level grounding only.
par_432,phase9 track gate freeze assurance ledger evidence graph and slice trust contracts,40,40,0,20,34,weakly_grounded,Prompt file is currently empty; title-level grounding only.
par_433,phase9 track gate freeze operational projection kpi breach and dashboard contracts,1,0,0,1,0,weakly_grounded,Prompt file is currently empty; title-level grounding only.
par_434,phase9 track gate freeze retention resilience incident and tenant governance contracts,1,0,0,1,0,weakly_grounded,Prompt file is currently empty; title-level grounding only.
par_435,phase9 track backend build assurance ledger event ingest and evidence graph snapshot service,132,132,0,0,1,weakly_grounded,Prompt file is currently empty; title-level grounding only.
par_436,phase9 track backend build assurance graph completeness and orphan edge verdict engine,1,0,0,1,0,weakly_grounded,Prompt file is currently empty; title-level grounding only.
par_437,phase9 track backend build live operational projections queue health and breach risk engine,8,8,0,0,0,weakly_grounded,Prompt file is currently empty; title-level grounding only.
par_438,phase9 track backend build waitlist conversion pharmacy bounce back and notification delivery metrics,8,8,0,0,0,weakly_grounded,Prompt file is currently empty; title-level grounding only.
par_439,phase9 track backend build break glass queries investigation scope envelope and timeline reconstruction,1,0,0,0,0,weakly_grounded,Prompt file is currently empty; title-level grounding only.
par_440,phase9 track backend build assurance pack factory for dspt dtac dcb0160 and channel packs,1,0,0,0,0,weakly_grounded,Prompt file is currently empty; title-level grounding only.
par_441,phase9 track backend build capa tracker evidence gap queue and attestation workflow api,7,7,0,0,7,weakly_grounded,Prompt file is currently empty; title-level grounding only.
par_442,phase9 track backend build retention lifecycle binding legal hold and disposition eligibility engine,1,0,0,0,0,weakly_grounded,Prompt file is currently empty; title-level grounding only.
par_443,phase9 track backend build archive manifest deletion certificate and dependency block explainer,1,0,0,0,0,weakly_grounded,Prompt file is currently empty; title-level grounding only.
par_444,phase9 track backend build operational readiness snapshot runbook binding and recovery control posture,1,0,0,0,0,weakly_grounded,Prompt file is currently empty; title-level grounding only.
par_445,phase9 track backend build restore failover chaos action settlement and recovery evidence writeback,1,0,0,0,0,weakly_grounded,Prompt file is currently empty; title-level grounding only.
par_446,phase9 track backend build projection rebuild tools and slice quarantine controls,1,0,0,0,0,weakly_grounded,Prompt file is currently empty; title-level grounding only.
par_447,phase9 track backend build incident queue near miss capa and reportability workflows,1,0,0,0,0,weakly_grounded,Prompt file is currently empty; title-level grounding only.
par_448,phase9 track backend build tenant config immutability policy pack history and dependency hygiene scanners,1,0,0,0,0,weakly_grounded,Prompt file is currently empty; title-level grounding only.
par_449,phase9 track backend build cross phase conformance scorecard and bau signoff blockers api,1,0,0,1,0,weakly_grounded,Prompt file is currently empty; title-level grounding only.
par_450,phase9 track Playwright or other appropriate tooling frontend build operations console north star and service health views,31,31,0,0,0,weakly_grounded,Prompt file is currently empty; title-level grounding only.
par_451,phase9 track Playwright or other appropriate tooling frontend build bottleneck capacity cohort impact and intervention workbench views,7,7,0,0,0,weakly_grounded,Prompt file is currently empty; title-level grounding only.
par_452,phase9 track Playwright or other appropriate tooling frontend build investigation drawer and audit explorer with safe return semantics,5,5,0,0,5,weakly_grounded,Prompt file is currently empty; title-level grounding only.
par_453,phase9 track Playwright or other appropriate tooling frontend build resilience board readiness runbook and recovery proof views,1,0,1,0,0,weakly_grounded,Prompt file is currently empty; title-level grounding only.
par_454,phase9 track Playwright or other appropriate tooling frontend build assurance export framework selector heat map and pack preview,1,0,1,0,0,weakly_grounded,Prompt file is currently empty; title-level grounding only.
par_455,phase9 track Playwright or other appropriate tooling frontend build records lifecycle governance hold disposition and certificate views,1,0,1,0,0,weakly_grounded,Prompt file is currently empty; title-level grounding only.
par_456,phase9 track Playwright or other appropriate tooling frontend build incident queue severity board and post incident review panel,1,0,1,0,0,weakly_grounded,Prompt file is currently empty; title-level grounding only.
par_457,phase9 track Playwright or other appropriate tooling frontend build tenant baseline matrix config diff and watchlist views,1,0,1,0,0,weakly_grounded,Prompt file is currently empty; title-level grounding only.
par_458,phase9 track Playwright or other appropriate tooling frontend build governance role scope studio access preview and release freeze cards,1,0,1,0,0,weakly_grounded,Prompt file is currently empty; title-level grounding only.
par_459,phase9 track Playwright or other appropriate tooling frontend build compliance ledger panel and control evidence gap queue,1,0,1,0,0,weakly_grounded,Prompt file is currently empty; title-level grounding only.
par_460,phase9 track Playwright or other appropriate tooling frontend build cross phase conformance scorecard for service owners,1,0,1,0,0,weakly_grounded,Prompt file is currently empty; title-level grounding only.
par_461,phase9 use Playwright or other appropriate tooling browser automation to configure observability incident and alerting destinations,26,26,0,0,0,weakly_grounded,Prompt file is currently empty; title-level grounding only.
par_462,phase9 use Playwright or other appropriate tooling browser automation to configure backup targets and restore report channels,2,2,0,0,0,weakly_grounded,Prompt file is currently empty; title-level grounding only.
par_463,phase9 use Playwright or other appropriate tooling browser automation to configure security reporting and compliance export destinations,1,0,1,0,0,weakly_grounded,Prompt file is currently empty; title-level grounding only.
par_464,phase9 merge Playwright or other appropriate tooling integrate assurance governance and operations surfaces with live domain event streams,19,19,0,19,0,weakly_grounded,Prompt file is currently empty; title-level grounding only.
par_465,phase9 Playwright or other appropriate tooling testing run load soak breach detection and queue heatmap suites,7,7,7,0,0,weakly_grounded,Prompt file is currently empty; title-level grounding only.
par_466,phase9 Playwright or other appropriate tooling testing run audit break glass assurance pack and redaction suites,1,0,1,0,0,weakly_grounded,Prompt file is currently empty; title-level grounding only.
par_467,phase9 Playwright or other appropriate tooling testing run retention legal hold worm and replay dependency protection suites,1,0,1,0,0,weakly_grounded,Prompt file is currently empty; title-level grounding only.
par_468,phase9 Playwright or other appropriate tooling testing run restore failover chaos and slice quarantine suites,3,3,3,0,0,weakly_grounded,Prompt file is currently empty; title-level grounding only.
par_469,phase9 Playwright or other appropriate tooling testing run incident tenant governance and dependency hygiene suites,1,0,1,0,0,weakly_grounded,Prompt file is currently empty; title-level grounding only.
par_470,phase9 Playwright or other appropriate tooling testing run full cross phase end to end regression and penetration suites,161,161,161,0,0,weakly_grounded,Prompt file is currently empty; title-level grounding only.
par_471,phase9 exit gate approve assurance ledger completion,134,134,0,134,0,weakly_grounded,Prompt file is currently empty; title-level grounding only.
seq_472,programme merge reconcile phase0 to phase6 and phase8 phase9 conformance scorecard,494,494,0,127,0,weakly_grounded,Prompt file is currently empty; title-level grounding only.
seq_473,programme merge reconcile phase7 deferred channel into master conformance scorecard when ready,1,0,0,1,0,weakly_grounded,Prompt file is currently empty; title-level grounding only.
seq_474,programme prepare data migration backfill and reference dataset cutover plan,1,0,0,0,0,weakly_grounded,Prompt file is currently empty; title-level grounding only.
seq_475,programme prepare training runbooks and operating model for clinical ops support and governance,65,65,0,0,40,weakly_grounded,Prompt file is currently empty; title-level grounding only.
seq_476,programme prepare release wave manifest and tenant cohort rollout plan,1,0,0,0,0,weakly_grounded,Prompt file is currently empty; title-level grounding only.
seq_477,programme finalize security clinical safety privacy and regulatory signoffs,38,38,0,0,0,weakly_grounded,Prompt file is currently empty; title-level grounding only.
seq_478,programme finalize external dependency operational readiness and manual fallback runbooks,1,0,0,0,0,weakly_grounded,Prompt file is currently empty; title-level grounding only.
seq_479,programme Playwright or other appropriate tooling run production like dress rehearsal for all primary patient and staff flows,204,184,179,0,0,weakly_grounded,Prompt file is currently empty; title-level grounding only.
seq_480,programme Playwright or other appropriate tooling testing run final user acceptance and visual regression suite,11,11,11,0,0,weakly_grounded,Prompt file is currently empty; title-level grounding only.
seq_481,programme Playwright or other appropriate tooling testing run final disaster recovery and go live smoke suite,1,0,1,0,0,weakly_grounded,Prompt file is currently empty; title-level grounding only.
seq_482,programme promote signed release candidate to production wave 1,1,0,0,0,0,weakly_grounded,Prompt file is currently empty; title-level grounding only.
seq_483,programme monitor release watch tuple and wave observation policy for wave 1,1,0,0,0,0,weakly_grounded,Prompt file is currently empty; title-level grounding only.
seq_484,programme promote remaining tenant and channel waves using guardrailed canaries,1,0,0,0,0,weakly_grounded,Prompt file is currently empty; title-level grounding only.
seq_485,programme enable assistive visible modes only for approved cohorts,8,8,0,0,0,weakly_grounded,Prompt file is currently empty; title-level grounding only.
seq_486,programme enable deferred nhs app channel for approved manifest versions,3,3,0,0,0,weakly_grounded,Prompt file is currently empty; title-level grounding only.
seq_487,programme complete bau handover and support rotas,1,0,0,0,0,weakly_grounded,Prompt file is currently empty; title-level grounding only.
seq_488,programme archive launch evidence pack and lessons learned,1,0,0,0,0,weakly_grounded,Prompt file is currently empty; title-level grounding only.
seq_489,programme close master dependency watchlist and transition to continuous improvement,1,0,0,0,0,weakly_grounded,Prompt file is currently empty; title-level grounding only.
